parameter,level,seedSets,metric,mean,sd
officialFeedCoverage,0.25,10,existing.itineraryFoundRatePct,51.63333333333334,3.472822170391178
officialFeedCoverage,0.25,10,existing.endToEndSuccessRatePct,51.63333333333334,3.472822170391178
officialFeedCoverage,0.25,10,existing.meanAlternativesShown,1.0301670650954935,0.01905367379137688
officialFeedCoverage,0.25,10,existing.pctNeedingWholeTripParatransit,48.36666666666667,3.4728221703911784
officialFeedCoverage,0.25,10,existing.meanAbsEtaErrorMin,2.552227159606166,0.03855620148540505
officialFeedCoverage,0.25,10,existing.crowdingKnownRatePct,0.0,0.0
officialFeedCoverage,0.25,10,existing.crowdingAccuracyWhenKnownPct,0.0,0.0
officialFeedCoverage,0.25,10,existing.crowdingSystemWideAccuracyPct,33.33333333333479,0.0
officialFeedCoverage,0.25,10,existing.paratransitMatchRatePct,0.0,0.0
officialFeedCoverage,0.25,10,proposed.itineraryFoundRatePct,96.9,2.2610496852153306
officialFeedCoverage,0.25,10,proposed.endToEndSuccessRatePct,99.73333333333333,0.3442651863295485
officialFeedCoverage,0.25,10,proposed.meanAlternativesShown,1.989761771751325,0.08940171060294438
officialFeedCoverage,0.25,10,proposed.pctNeedingWholeTripParatransit,3.1,2.2610496852153306
officialFeedCoverage,0.25,10,proposed.meanAbsEtaErrorMin,2.189209884516112,0.034472995506189194
officialFeedCoverage,0.25,10,proposed.crowdingKnownRatePct,25.573333333333334,1.1847591826981776
officialFeedCoverage,0.25,10,proposed.crowdingAccuracyWhenKnownPct,83.4479482094529,1.8038556346767636
officialFeedCoverage,0.25,10,proposed.crowdingSystemWideAccuracyPct,46.16222222222164,0.9706276164531447
officialFeedCoverage,0.25,10,proposed.paratransitMatchRatePct,94.65,0.4411684821353742
officialFeedCoverage,0.25,10,proposed.paratransitMeanWaitMin,6.555031027077918,0.09830959944198092
officialFeedCoverage,0.25,10,ablation.fr1Removed.itineraryFoundRatePct,90.86666666666667,5.343046710271972
officialFeedCoverage,0.25,10,ablation.fr2Removed.itineraryFoundRatePct,63.666666666666664,3.2470309324894364
officialFeedCoverage,0.25,10,ablation.fr5Removed.crowdingSystemWideAccuracyPct,33.33333333333479,0.0
officialFeedCoverage,0.25,10,ablation.fr6Removed.endToEndSuccessRatePct,96.9,2.2610496852153306
officialFeedCoverage,0.25,10,ablation.fr8Removed.paratransitMatchRatePct,72.70666666666666,0.4446666111388721
officialFeedCoverage,0.25,10,delta.fr1.itineraryFoundRatePct,6.033333333333333,5.500729469021177
officialFeedCoverage,0.25,10,delta.fr2.itineraryFoundRatePct,33.233333333333334,2.434576039853172
officialFeedCoverage,0.25,10,delta.fr5.crowdingSystemWideAccuracyPct,12.828888888886842,0.9706276164531447
officialFeedCoverage,0.25,10,delta.fr6.endToEndSuccessRatePct,2.8333333333333313,2.092018931529192
officialFeedCoverage,0.25,10,delta.fr8.paratransitMatchRatePct,21.943333333333335,0.4405524029591567
officialFeedCoverage,0.25,10,network.servedStops,34.3,1.2516655570345725
officialFeedCoverage,0.25,10,network.transferNodes,22.1,2.7264140062238043
officialFeedCoverage,0.25,10,network.busRailInterchanges,11.3,2.5841396591085743
officialFeedCoverage,0.25,10,network.overlappingRoutePairs,33.7,1.636391694484477
officialFeedCoverage,0.25,10,network.routeKm,597.4330199243483,46.465501031825944
officialFeedCoverage,0.25,10,network.meanInterStopKm,9.793983933186038,0.7617295251119005
officialFeedCoverage,0.25,10,network.railShareOfFastestItineraryPct,55.787914122392465,7.491560490159642
officialFeedCoverage,0.25,10,network.meanTransfersFastestItinerary,1.0379400398889072,0.08698291957039213
officialFeedCoverage,0.25,10,reports.meanPerTrip,2.9878666666666667,0.02686601414518692
officialFeedCoverage,0.4,10,existing.itineraryFoundRatePct,51.63333333333334,3.472822170391178
officialFeedCoverage,0.4,10,existing.endToEndSuccessRatePct,51.63333333333334,3.472822170391178
officialFeedCoverage,0.4,10,existing.meanAlternativesShown,1.0301670650954935,0.01905367379137688
officialFeedCoverage,0.4,10,existing.pctNeedingWholeTripParatransit,48.36666666666667,3.4728221703911784
officialFeedCoverage,0.4,10,existing.meanAbsEtaErrorMin,2.5375199878472046,0.07143162571619556
officialFeedCoverage,0.4,10,existing.crowdingKnownRatePct,0.0,0.0
officialFeedCoverage,0.4,10,existing.crowdingAccuracyWhenKnownPct,0.0,0.0
officialFeedCoverage,0.4,10,existing.crowdingSystemWideAccuracyPct,33.33333333333479,0.0
officialFeedCoverage,0.4,10,existing.paratransitMatchRatePct,0.0,0.0
officialFeedCoverage,0.4,10,proposed.itineraryFoundRatePct,96.9,2.2610496852153306
officialFeedCoverage,0.4,10,proposed.endToEndSuccessRatePct,99.73333333333333,0.3442651863295485
officialFeedCoverage,0.4,10,proposed.meanAlternativesShown,1.989761771751325,0.08940171060294438
officialFeedCoverage,0.4,10,proposed.pctNeedingWholeTripParatransit,3.1,2.2610496852153306
officialFeedCoverage,0.4,10,proposed.meanAbsEtaErrorMin,2.158396308680522,0.06372928450531762
officialFeedCoverage,0.4,10,proposed.crowdingKnownRatePct,26.05333333333333,0.7467129615277746
officialFeedCoverage,0.4,10,proposed.crowdingAccuracyWhenKnownPct,84.47503053235958,1.2735154631143266
officialFeedCoverage,0.4,10,proposed.crowdingSystemWideAccuracyPct,46.65555555555489,0.4469681434531431
officialFeedCoverage,0.4,10,proposed.paratransitMatchRatePct,94.65,0.4411684821353742
officialFeedCoverage,0.4,10,proposed.paratransitMeanWaitMin,6.555031027077918,0.09830959944198092
officialFeedCoverage,0.4,10,ablation.fr1Removed.itineraryFoundRatePct,90.86666666666667,5.343046710271972
officialFeedCoverage,0.4,10,ablation.fr2Removed.itineraryFoundRatePct,63.666666666666664,3.2470309324894364
officialFeedCoverage,0.4,10,ablation.fr5Removed.crowdingSystemWideAccuracyPct,33.33333333333479,0.0
officialFeedCoverage,0.4,10,ablation.fr6Removed.endToEndSuccessRatePct,96.9,2.2610496852153306
officialFeedCoverage,0.4,10,ablation.fr8Removed.paratransitMatchRatePct,72.70666666666666,0.4446666111388721
officialFeedCoverage,0.4,10,delta.fr1.itineraryFoundRatePct,6.033333333333333,5.500729469021177
officialFeedCoverage,0.4,10,delta.fr2.itineraryFoundRatePct,33.233333333333334,2.434576039853172
officialFeedCoverage,0.4,10,delta.fr5.crowdingSystemWideAccuracyPct,13.322222222220097,0.4469681434531431
officialFeedCoverage,0.4,10,delta.fr6.endToEndSuccessRatePct,2.8333333333333313,2.092018931529192
officialFeedCoverage,0.4,10,delta.fr8.paratransitMatchRatePct,21.943333333333335,0.4405524029591567
officialFeedCoverage,0.4,10,network.servedStops,34.3,1.2516655570345725
officialFeedCoverage,0.4,10,network.transferNodes,22.1,2.7264140062238043
officialFeedCoverage,0.4,10,network.busRailInterchanges,11.3,2.5841396591085743
officialFeedCoverage,0.4,10,network.overlappingRoutePairs,33.7,1.636391694484477
officialFeedCoverage,0.4,10,network.routeKm,597.4330199243483,46.465501031825944
officialFeedCoverage,0.4,10,network.meanInterStopKm,9.793983933186038,0.7617295251119005
officialFeedCoverage,0.4,10,network.railShareOfFastestItineraryPct,55.787914122392465,7.491560490159642
officialFeedCoverage,0.4,10,network.meanTransfersFastestItinerary,1.0379400398889072,0.08698291957039213
officialFeedCoverage,0.4,10,reports.meanPerTrip,3.002066666666667,0.031237758095999747
officialFeedCoverage,0.55,10,existing.itineraryFoundRatePct,51.63333333333334,3.472822170391178
officialFeedCoverage,0.55,10,existing.endToEndSuccessRatePct,51.63333333333334,3.472822170391178
officialFeedCoverage,0.55,10,existing.meanAlternativesShown,1.0301670650954935,0.01905367379137688
officialFeedCoverage,0.55,10,existing.pctNeedingWholeTripParatransit,48.36666666666667,3.4728221703911784
officialFeedCoverage,0.55,10,existing.meanAbsEtaErrorMin,2.4910730982558418,0.043893887214359766
officialFeedCoverage,0.55,10,existing.crowdingKnownRatePct,0.0,0.0
officialFeedCoverage,0.55,10,existing.crowdingAccuracyWhenKnownPct,0.0,0.0
officialFeedCoverage,0.55,10,existing.crowdingSystemWideAccuracyPct,33.33333333333479,0.0
officialFeedCoverage,0.55,10,existing.paratransitMatchRatePct,0.0,0.0
officialFeedCoverage,0.55,10,proposed.itineraryFoundRatePct,96.9,2.2610496852153306
officialFeedCoverage,0.55,10,proposed.endToEndSuccessRatePct,99.73333333333333,0.3442651863295485
officialFeedCoverage,0.55,10,proposed.meanAlternativesShown,1.989761771751325,0.08940171060294438
officialFeedCoverage,0.55,10,proposed.pctNeedingWholeTripParatransit,3.1,2.2610496852153306
officialFeedCoverage,0.55,10,proposed.meanAbsEtaErrorMin,2.1235864107196263,0.048874292851698364
officialFeedCoverage,0.55,10,proposed.crowdingKnownRatePct,26.013333333333332,1.6178937687356296
officialFeedCoverage,0.55,10,proposed.crowdingAccuracyWhenKnownPct,84.21107948692347,0.9856574843763866
officialFeedCoverage,0.55,10,proposed.crowdingSystemWideAccuracyPct,46.57555555555486,0.957488713504304
officialFeedCoverage,0.55,10,proposed.paratransitMatchRatePct,94.65,0.4411684821353742
officialFeedCoverage,0.55,10,proposed.paratransitMeanWaitMin,6.555031027077918,0.09830959944198092
officialFeedCoverage,0.55,10,ablation.fr1Removed.itineraryFoundRatePct,90.86666666666667,5.343046710271972
officialFeedCoverage,0.55,10,ablation.fr2Removed.itineraryFoundRatePct,63.666666666666664,3.2470309324894364
officialFeedCoverage,0.55,10,ablation.fr5Removed.crowdingSystemWideAccuracyPct,33.33333333333479,0.0
officialFeedCoverage,0.55,10,ablation.fr6Removed.endToEndSuccessRatePct,96.9,2.2610496852153306
officialFeedCoverage,0.55,10,ablation.fr8Removed.paratransitMatchRatePct,72.70666666666666,0.4446666111388721
officialFeedCoverage,0.55,10,delta.fr1.itineraryFoundRatePct,6.033333333333333,5.500729469021177
officialFeedCoverage,0.55,10,delta.fr2.itineraryFoundRatePct,33.233333333333334,2.434576039853172
officialFeedCoverage,0.55,10,delta.fr5.crowdingSystemWideAccuracyPct,13.242222222220068,0.957488713504304
officialFeedCoverage,0.55,10,delta.fr6.endToEndSuccessRatePct,2.8333333333333313,2.092018931529192
officialFeedCoverage,0.55,10,delta.fr8.paratransitMatchRatePct,21.943333333333335,0.4405524029591567
officialFeedCoverage,0.55,10,network.servedStops,34.3,1.2516655570345725
officialFeedCoverage,0.55,10,network.transferNodes,22.1,2.7264140062238043
officialFeedCoverage,0.55,10,network.busRailInterchanges,11.3,2.5841396591085743
officialFeedCoverage,0.55,10,network.overlappingRoutePairs,33.7,1.636391694484477
officialFeedCoverage,0.55,10,network.routeKm,597.4330199243483,46.465501031825944
officialFeedCoverage,0.55,10,network.meanInterStopKm,9.793983933186038,0.7617295251119005
officialFeedCoverage,0.55,10,network.railShareOfFastestItineraryPct,55.787914122392465,7.491560490159642
officialFeedCoverage,0.55,10,network.meanTransfersFastestItinerary,1.0379400398889072,0.08698291957039213
officialFeedCoverage,0.55,10,reports.meanPerTrip,3.0054666666666665,0.03429868802155554
officialFeedCoverage,0.7,10,existing.itineraryFoundRatePct,51.63333333333334,3.472822170391178
officialFeedCoverage,0.7,10,existing.endToEndSuccessRatePct,51.63333333333334,3.472822170391178
officialFeedCoverage,0.7,10,existing.meanAlternativesShown,1.0301670650954935,0.01905367379137688
officialFeedCoverage,0.7,10,existing.pctNeedingWholeTripParatransit,48.36666666666667,3.4728221703911784
officialFeedCoverage,0.7,10,existing.meanAbsEtaErrorMin,2.451366713999146,0.045460893641844725
officialFeedCoverage,0.7,10,existing.crowdingKnownRatePct,0.0,0.0
officialFeedCoverage,0.7,10,existing.crowdingAccuracyWhenKnownPct,0.0,0.0
officialFeedCoverage,0.7,10,existing.crowdingSystemWideAccuracyPct,33.33333333333479,0.0
officialFeedCoverage,0.7,10,existing.paratransitMatchRatePct,0.0,0.0
officialFeedCoverage,0.7,10,proposed.itineraryFoundRatePct,96.9,2.2610496852153306
officialFeedCoverage,0.7,10,proposed.endToEndSuccessRatePct,99.73333333333333,0.3442651863295485
officialFeedCoverage,0.7,10,proposed.meanAlternativesShown,1.989761771751325,0.08940171060294438
officialFeedCoverage,0.7,10,proposed.pctNeedingWholeTripParatransit,3.1,2.2610496852153306
officialFeedCoverage,0.7,10,proposed.meanAbsEtaErrorMin,2.089355857414925,0.03198983874000241
officialFeedCoverage,0.7,10,proposed.crowdingKnownRatePct,25.906666666666666,0.4928626383150918
officialFeedCoverage,0.7,10,proposed.crowdingAccuracyWhenKnownPct,84.26407269134198,1.4451723731780637
officialFeedCoverage,0.7,10,proposed.crowdingSystemWideAccuracyPct,46.52777777777711,0.44786492427715036
officialFeedCoverage,0.7,10,proposed.paratransitMatchRatePct,94.65,0.4411684821353742
officialFeedCoverage,0.7,10,proposed.paratransitMeanWaitMin,6.555031027077918,0.09830959944198092
officialFeedCoverage,0.7,10,ablation.fr1Removed.itineraryFoundRatePct,90.86666666666667,5.343046710271972
officialFeedCoverage,0.7,10,ablation.fr2Removed.itineraryFoundRatePct,63.666666666666664,3.2470309324894364
officialFeedCoverage,0.7,10,ablation.fr5Removed.crowdingSystemWideAccuracyPct,33.33333333333479,0.0
officialFeedCoverage,0.7,10,ablation.fr6Removed.endToEndSuccessRatePct,96.9,2.2610496852153306
officialFeedCoverage,0.7,10,ablation.fr8Removed.paratransitMatchRatePct,72.70666666666666,0.4446666111388721
officialFeedCoverage,0.7,10,delta.fr1.itineraryFoundRatePct,6.033333333333333,5.500729469021177
officialFeedCoverage,0.7,10,delta.fr2.itineraryFoundRatePct,33.233333333333334,2.434576039853172
officialFeedCoverage,0.7,10,delta.fr5.crowdingSystemWideAccuracyPct,13.194444444442322,0.4478649242771504
officialFeedCoverage,0.7,10,delta.fr6.endToEndSuccessRatePct,2.8333333333333313,2.092018931529192
officialFeedCoverage,0.7,10,delta.fr8.paratransitMatchRatePct,21.943333333333335,0.4405524029591567
officialFeedCoverage,0.7,10,network.servedStops,34.3,1.2516655570345725
officialFeedCoverage,0.7,10,network.transferNodes,22.1,2.7264140062238043
officialFeedCoverage,0.7,10,network.busRailInterchanges,11.3,2.5841396591085743
officialFeedCoverage,0.7,10,network.overlappingRoutePairs,33.7,1.636391694484477
officialFeedCoverage,0.7,10,network.routeKm,597.4330199243483,46.465501031825944
officialFeedCoverage,0.7,10,network.meanInterStopKm,9.793983933186038,0.7617295251119005
officialFeedCoverage,0.7,10,network.railShareOfFastestItineraryPct,55.787914122392465,7.491560490159642
officialFeedCoverage,0.7,10,network.meanTransfersFastestItinerary,1.0379400398889072,0.08698291957039213
officialFeedCoverage,0.7,10,reports.meanPerTrip,2.9797333333333333,0.032188027833380324
officialFeedCoverage,0.85,10,existing.itineraryFoundRatePct,51.63333333333334,3.472822170391178
officialFeedCoverage,0.85,10,existing.endToEndSuccessRatePct,51.63333333333334,3.472822170391178
officialFeedCoverage,0.85,10,existing.meanAlternativesShown,1.0301670650954935,0.01905367379137688
officialFeedCoverage,0.85,10,existing.pctNeedingWholeTripParatransit,48.36666666666667,3.4728221703911784
officialFeedCoverage,0.85,10,existing.meanAbsEtaErrorMin,2.436470127656371,0.023038194756039444
officialFeedCoverage,0.85,10,existing.crowdingKnownRatePct,0.0,0.0
officialFeedCoverage,0.85,10,existing.crowdingAccuracyWhenKnownPct,0.0,0.0
officialFeedCoverage,0.85,10,existing.crowdingSystemWideAccuracyPct,33.33333333333479,0.0
officialFeedCoverage,0.85,10,existing.paratransitMatchRatePct,0.0,0.0
officialFeedCoverage,0.85,10,proposed.itineraryFoundRatePct,96.9,2.2610496852153306
officialFeedCoverage,0.85,10,proposed.endToEndSuccessRatePct,99.73333333333333,0.3442651863295485
officialFeedCoverage,0.85,10,proposed.meanAlternativesShown,1.989761771751325,0.08940171060294438
officialFeedCoverage,0.85,10,proposed.pctNeedingWholeTripParatransit,3.1,2.2610496852153306
officialFeedCoverage,0.85,10,proposed.meanAbsEtaErrorMin,2.08900777299601,0.03483586930359837
officialFeedCoverage,0.85,10,proposed.crowdingKnownRatePct,25.453333333333333,1.0418644256723049
officialFeedCoverage,0.85,10,proposed.crowdingAccuracyWhenKnownPct,84.09668247290357,1.2552642584453901
officialFeedCoverage,0.85,10,proposed.crowdingSystemWideAccuracyPct,46.25222222222154,0.570708173176105
officialFeedCoverage,0.85,10,proposed.paratransitMatchRatePct,94.65,0.4411684821353742
officialFeedCoverage,0.85,10,proposed.paratransitMeanWaitMin,6.555031027077918,0.09830959944198092
officialFeedCoverage,0.85,10,ablation.fr1Removed.itineraryFoundRatePct,90.86666666666667,5.343046710271972
officialFeedCoverage,0.85,10,ablation.fr2Removed.itineraryFoundRatePct,63.666666666666664,3.2470309324894364
officialFeedCoverage,0.85,10,ablation.fr5Removed.crowdingSystemWideAccuracyPct,33.33333333333479,0.0
officialFeedCoverage,0.85,10,ablation.fr6Removed.endToEndSuccessRatePct,96.9,2.2610496852153306
officialFeedCoverage,0.85,10,ablation.fr8Removed.paratransitMatchRatePct,72.70666666666666,0.4446666111388721
officialFeedCoverage,0.85,10,delta.fr1.itineraryFoundRatePct,6.033333333333333,5.500729469021177
officialFeedCoverage,0.85,10,delta.fr2.itineraryFoundRatePct,33.233333333333334,2.434576039853172
officialFeedCoverage,0.85,10,delta.fr5.crowdingSystemWideAccuracyPct,12.918888888886752,0.570708173176105
officialFeedCoverage,0.85,10,delta.fr6.endToEndSuccessRatePct,2.8333333333333313,2.092018931529192
officialFeedCoverage,0.85,10,delta.fr8.paratransitMatchRatePct,21.943333333333335,0.4405524029591567
officialFeedCoverage,0.85,10,network.servedStops,34.3,1.2516655570345725
officialFeedCoverage,0.85,10,network.transferNodes,22.1,2.7264140062238043
officialFeedCoverage,0.85,10,network.busRailInterchanges,11.3,2.5841396591085743
officialFeedCoverage,0.85,10,network.overlappingRoutePairs,33.7,1.636391694484477
officialFeedCoverage,0.85,10,network.routeKm,597.4330199243483,46.465501031825944
officialFeedCoverage,0.85,10,network.meanInterStopKm,9.793983933186038,0.7617295251119005
officialFeedCoverage,0.85,10,network.railShareOfFastestItineraryPct,55.787914122392465,7.491560490159642
officialFeedCoverage,0.85,10,network.meanTransfersFastestItinerary,1.0379400398889072,0.08698291957039213
officialFeedCoverage,0.85,10,reports.meanPerTrip,2.984466666666667,0.02749329884683686
contributorReliability,0.50,10,existing.itineraryFoundRatePct,51.63333333333334,3.472822170391178
contributorReliability,0.50,10,existing.endToEndSuccessRatePct,51.63333333333334,3.472822170391178
contributorReliability,0.50,10,existing.meanAlternativesShown,1.0301670650954935,0.01905367379137688
contributorReliability,0.50,10,existing.pctNeedingWholeTripParatransit,48.36666666666667,3.4728221703911784
contributorReliability,0.50,10,existing.meanAbsEtaErrorMin,2.4910730982558418,0.043893887214359766
contributorReliability,0.50,10,existing.crowdingKnownRatePct,0.0,0.0
contributorReliability,0.50,10,existing.crowdingAccuracyWhenKnownPct,0.0,0.0
contributorReliability,0.50,10,existing.crowdingSystemWideAccuracyPct,33.33333333333479,0.0
contributorReliability,0.50,10,existing.paratransitMatchRatePct,0.0,0.0
contributorReliability,0.50,10,proposed.itineraryFoundRatePct,96.9,2.2610496852153306
contributorReliability,0.50,10,proposed.endToEndSuccessRatePct,99.73333333333333,0.3442651863295485
contributorReliability,0.50,10,proposed.meanAlternativesShown,1.989761771751325,0.08940171060294438
contributorReliability,0.50,10,proposed.pctNeedingWholeTripParatransit,3.1,2.2610496852153306
contributorReliability,0.50,10,proposed.meanAbsEtaErrorMin,2.3808272488021203,0.0447065295303544
contributorReliability,0.50,10,proposed.crowdingKnownRatePct,18.443333333333335,1.127331603038732
contributorReliability,0.50,10,proposed.crowdingAccuracyWhenKnownPct,64.84935451239963,3.338643595483042
contributorReliability,0.50,10,proposed.crowdingSystemWideAccuracyPct,39.1722222222225,0.8902805464025908
contributorReliability,0.50,10,proposed.paratransitMatchRatePct,94.65,0.4411684821353742
contributorReliability,0.50,10,proposed.paratransitMeanWaitMin,6.555031027077918,0.09830959944198092
contributorReliability,0.50,10,ablation.fr1Removed.itineraryFoundRatePct,90.86666666666667,5.343046710271972
contributorReliability,0.50,10,ablation.fr2Removed.itineraryFoundRatePct,63.666666666666664,3.2470309324894364
contributorReliability,0.50,10,ablation.fr5Removed.crowdingSystemWideAccuracyPct,33.33333333333479,0.0
contributorReliability,0.50,10,ablation.fr6Removed.endToEndSuccessRatePct,96.9,2.2610496852153306
contributorReliability,0.50,10,ablation.fr8Removed.paratransitMatchRatePct,72.70666666666666,0.4446666111388721
contributorReliability,0.50,10,delta.fr1.itineraryFoundRatePct,6.033333333333333,5.500729469021177
contributorReliability,0.50,10,delta.fr2.itineraryFoundRatePct,33.233333333333334,2.434576039853172
contributorReliability,0.50,10,delta.fr5.crowdingSystemWideAccuracyPct,5.838888888887711,0.8902805464025908
contributorReliability,0.50,10,delta.fr6.endToEndSuccessRatePct,2.8333333333333313,2.092018931529192
contributorReliability,0.50,10,delta.fr8.paratransitMatchRatePct,21.943333333333335,0.4405524029591567
contributorReliability,0.50,10,network.servedStops,34.3,1.2516655570345725
contributorReliability,0.50,10,network.transferNodes,22.1,2.7264140062238043
contributorReliability,0.50,10,network.busRailInterchanges,11.3,2.5841396591085743
contributorReliability,0.50,10,network.overlappingRoutePairs,33.7,1.636391694484477
contributorReliability,0.50,10,network.routeKm,597.4330199243483,46.465501031825944
contributorReliability,0.50,10,network.meanInterStopKm,9.793983933186038,0.7617295251119005
contributorReliability,0.50,10,network.railShareOfFastestItineraryPct,55.787914122392465,7.491560490159642
contributorReliability,0.50,10,network.meanTransfersFastestItinerary,1.0379400398889072,0.08698291957039213
contributorReliability,0.50,10,reports.meanPerTrip,3.0042666666666666,0.033788302453897426
contributorReliability,0.67,10,existing.itineraryFoundRatePct,51.63333333333334,3.472822170391178
contributorReliability,0.67,10,existing.endToEndSuccessRatePct,51.63333333333334,3.472822170391178
contributorReliability,0.67,10,existing.meanAlternativesShown,1.0301670650954935,0.01905367379137688
contributorReliability,0.67,10,existing.pctNeedingWholeTripParatransit,48.36666666666667,3.4728221703911784
contributorReliability,0.67,10,existing.meanAbsEtaErrorMin,2.4910730982558418,0.043893887214359766
contributorReliability,0.67,10,existing.crowdingKnownRatePct,0.0,0.0
contributorReliability,0.67,10,existing.crowdingAccuracyWhenKnownPct,0.0,0.0
contributorReliability,0.67,10,existing.crowdingSystemWideAccuracyPct,33.33333333333479,0.0
contributorReliability,0.67,10,existing.paratransitMatchRatePct,0.0,0.0
contributorReliability,0.67,10,proposed.itineraryFoundRatePct,96.9,2.2610496852153306
contributorReliability,0.67,10,proposed.endToEndSuccessRatePct,99.73333333333333,0.3442651863295485
contributorReliability,0.67,10,proposed.meanAlternativesShown,1.989761771751325,0.08940171060294438
contributorReliability,0.67,10,proposed.pctNeedingWholeTripParatransit,3.1,2.2610496852153306
contributorReliability,0.67,10,proposed.meanAbsEtaErrorMin,2.212570062072889,0.05027990877949157
contributorReliability,0.67,10,proposed.crowdingKnownRatePct,22.69,0.6738593471586538
contributorReliability,0.67,10,proposed.crowdingAccuracyWhenKnownPct,79.25656963964668,2.4787622085766747
contributorReliability,0.67,10,proposed.crowdingSystemWideAccuracyPct,43.759999999999614,0.7537596666819462
contributorReliability,0.67,10,proposed.paratransitMatchRatePct,94.65,0.4411684821353742
contributorReliability,0.67,10,proposed.paratransitMeanWaitMin,6.555031027077918,0.09830959944198092
contributorReliability,0.67,10,ablation.fr1Removed.itineraryFoundRatePct,90.86666666666667,5.343046710271972
contributorReliability,0.67,10,ablation.fr2Removed.itineraryFoundRatePct,63.666666666666664,3.2470309324894364
contributorReliability,0.67,10,ablation.fr5Removed.crowdingSystemWideAccuracyPct,33.33333333333479,0.0
contributorReliability,0.67,10,ablation.fr6Removed.endToEndSuccessRatePct,96.9,2.2610496852153306
contributorReliability,0.67,10,ablation.fr8Removed.paratransitMatchRatePct,72.70666666666666,0.4446666111388721
contributorReliability,0.67,10,delta.fr1.itineraryFoundRatePct,6.033333333333333,5.500729469021177
contributorReliability,0.67,10,delta.fr2.itineraryFoundRatePct,33.233333333333334,2.434576039853172
contributorReliability,0.67,10,delta.fr5.crowdingSystemWideAccuracyPct,10.42666666666482,0.7537596666819462
contributorReliability,0.67,10,delta.fr6.endToEndSuccessRatePct,2.8333333333333313,2.092018931529192
contributorReliability,0.67,10,delta.fr8.paratransitMatchRatePct,21.943333333333335,0.4405524029591567
contributorReliability,0.67,10,network.servedStops,34.3,1.2516655570345725
contributorReliability,0.67,10,network.transferNodes,22.1,2.7264140062238043
contributorReliability,0.67,10,network.busRailInterchanges,11.3,2.5841396591085743
contributorReliability,0.67,10,network.overlappingRoutePairs,33.7,1.636391694484477
contributorReliability,0.67,10,network.routeKm,597.4330199243483,46.465501031825944
contributorReliability,0.67,10,network.meanInterStopKm,9.793983933186038,0.7617295251119005
contributorReliability,0.67,10,network.railShareOfFastestItineraryPct,55.787914122392465,7.491560490159642
contributorReliability,0.67,10,network.meanTransfersFastestItinerary,1.0379400398889072,0.08698291957039213
contributorReliability,0.67,10,reports.meanPerTrip,2.9924333333333335,0.029267202391114668
contributorReliability,0.75,10,existing.itineraryFoundRatePct,51.63333333333334,3.472822170391178
contributorReliability,0.75,10,existing.endToEndSuccessRatePct,51.63333333333334,3.472822170391178
contributorReliability,0.75,10,existing.meanAlternativesShown,1.0301670650954935,0.01905367379137688
contributorReliability,0.75,10,existing.pctNeedingWholeTripParatransit,48.36666666666667,3.4728221703911784
contributorReliability,0.75,10,existing.meanAbsEtaErrorMin,2.4910730982558418,0.043893887214359766
contributorReliability,0.75,10,existing.crowdingKnownRatePct,0.0,0.0
contributorReliability,0.75,10,existing.crowdingAccuracyWhenKnownPct,0.0,0.0
contributorReliability,0.75,10,existing.crowdingSystemWideAccuracyPct,33.33333333333479,0.0
contributorReliability,0.75,10,existing.paratransitMatchRatePct,0.0,0.0
contributorReliability,0.75,10,proposed.itineraryFoundRatePct,96.9,2.2610496852153306
contributorReliability,0.75,10,proposed.endToEndSuccessRatePct,99.73333333333333,0.3442651863295485
contributorReliability,0.75,10,proposed.meanAlternativesShown,1.989761771751325,0.08940171060294438
contributorReliability,0.75,10,proposed.pctNeedingWholeTripParatransit,3.1,2.2610496852153306
contributorReliability,0.75,10,proposed.meanAbsEtaErrorMin,2.1235864107196263,0.048874292851698364
contributorReliability,0.75,10,proposed.crowdingKnownRatePct,26.013333333333332,1.6178937687356296
contributorReliability,0.75,10,proposed.crowdingAccuracyWhenKnownPct,84.21107948692347,0.9856574843763866
contributorReliability,0.75,10,proposed.crowdingSystemWideAccuracyPct,46.57555555555486,0.957488713504304
contributorReliability,0.75,10,proposed.paratransitMatchRatePct,94.65,0.4411684821353742
contributorReliability,0.75,10,proposed.paratransitMeanWaitMin,6.555031027077918,0.09830959944198092
contributorReliability,0.75,10,ablation.fr1Removed.itineraryFoundRatePct,90.86666666666667,5.343046710271972
contributorReliability,0.75,10,ablation.fr2Removed.itineraryFoundRatePct,63.666666666666664,3.2470309324894364
contributorReliability,0.75,10,ablation.fr5Removed.crowdingSystemWideAccuracyPct,33.33333333333479,0.0
contributorReliability,0.75,10,ablation.fr6Removed.endToEndSuccessRatePct,96.9,2.2610496852153306
contributorReliability,0.75,10,ablation.fr8Removed.paratransitMatchRatePct,72.70666666666666,0.4446666111388721
contributorReliability,0.75,10,delta.fr1.itineraryFoundRatePct,6.033333333333333,5.500729469021177
contributorReliability,0.75,10,delta.fr2.itineraryFoundRatePct,33.233333333333334,2.434576039853172
contributorReliability,0.75,10,delta.fr5.crowdingSystemWideAccuracyPct,13.242222222220068,0.957488713504304
contributorReliability,0.75,10,delta.fr6.endToEndSuccessRatePct,2.8333333333333313,2.092018931529192
contributorReliability,0.75,10,delta.fr8.paratransitMatchRatePct,21.943333333333335,0.4405524029591567
contributorReliability,0.75,10,network.servedStops,34.3,1.2516655570345725
contributorReliability,0.75,10,network.transferNodes,22.1,2.7264140062238043
contributorReliability,0.75,10,network.busRailInterchanges,11.3,2.5841396591085743
contributorReliability,0.75,10,network.overlappingRoutePairs,33.7,1.636391694484477
contributorReliability,0.75,10,network.routeKm,597.4330199243483,46.465501031825944
contributorReliability,0.75,10,network.meanInterStopKm,9.793983933186038,0.7617295251119005
contributorReliability,0.75,10,network.railShareOfFastestItineraryPct,55.787914122392465,7.491560490159642
contributorReliability,0.75,10,network.meanTransfersFastestItinerary,1.0379400398889072,0.08698291957039213
contributorReliability,0.75,10,reports.meanPerTrip,3.0054666666666665,0.03429868802155554
contributorReliability,0.80,10,existing.itineraryFoundRatePct,51.63333333333334,3.472822170391178
contributorReliability,0.80,10,existing.endToEndSuccessRatePct,51.63333333333334,3.472822170391178
contributorReliability,0.80,10,existing.meanAlternativesShown,1.0301670650954935,0.01905367379137688
contributorReliability,0.80,10,existing.pctNeedingWholeTripParatransit,48.36666666666667,3.4728221703911784
contributorReliability,0.80,10,existing.meanAbsEtaErrorMin,2.4910730982558418,0.043893887214359766
contributorReliability,0.80,10,existing.crowdingKnownRatePct,0.0,0.0
contributorReliability,0.80,10,existing.crowdingAccuracyWhenKnownPct,0.0,0.0
contributorReliability,0.80,10,existing.crowdingSystemWideAccuracyPct,33.33333333333479,0.0
contributorReliability,0.80,10,existing.paratransitMatchRatePct,0.0,0.0
contributorReliability,0.80,10,proposed.itineraryFoundRatePct,96.9,2.2610496852153306
contributorReliability,0.80,10,proposed.endToEndSuccessRatePct,99.73333333333333,0.3442651863295485
contributorReliability,0.80,10,proposed.meanAlternativesShown,1.989761771751325,0.08940171060294438
contributorReliability,0.80,10,proposed.pctNeedingWholeTripParatransit,3.1,2.2610496852153306
contributorReliability,0.80,10,proposed.meanAbsEtaErrorMin,2.05857806922634,0.05546668827060589
contributorReliability,0.80,10,proposed.crowdingKnownRatePct,27.860000000000003,1.2479909781250351
contributorReliability,0.80,10,proposed.crowdingAccuracyWhenKnownPct,87.22164633820766,1.3352976479588736
contributorReliability,0.80,10,proposed.crowdingSystemWideAccuracyPct,48.34333333333248,0.6899126204587613
contributorReliability,0.80,10,proposed.paratransitMatchRatePct,94.65,0.4411684821353742
contributorReliability,0.80,10,proposed.paratransitMeanWaitMin,6.555031027077918,0.09830959944198092
contributorReliability,0.80,10,ablation.fr1Removed.itineraryFoundRatePct,90.86666666666667,5.343046710271972
contributorReliability,0.80,10,ablation.fr2Removed.itineraryFoundRatePct,63.666666666666664,3.2470309324894364
contributorReliability,0.80,10,ablation.fr5Removed.crowdingSystemWideAccuracyPct,33.33333333333479,0.0
contributorReliability,0.80,10,ablation.fr6Removed.endToEndSuccessRatePct,96.9,2.2610496852153306
contributorReliability,0.80,10,ablation.fr8Removed.paratransitMatchRatePct,72.70666666666666,0.4446666111388721
contributorReliability,0.80,10,delta.fr1.itineraryFoundRatePct,6.033333333333333,5.500729469021177
contributorReliability,0.80,10,delta.fr2.itineraryFoundRatePct,33.233333333333334,2.434576039853172
contributorReliability,0.80,10,delta.fr5.crowdingSystemWideAccuracyPct,15.009999999997689,0.6899126204587613
contributorReliability,0.80,10,delta.fr6.endToEndSuccessRatePct,2.8333333333333313,2.092018931529192
contributorReliability,0.80,10,delta.fr8.paratransitMatchRatePct,21.943333333333335,0.4405524029591567
contributorReliability,0.80,10,network.servedStops,34.3,1.2516655570345725
contributorReliability,0.80,10,network.transferNodes,22.1,2.7264140062238043
contributorReliability,0.80,10,network.busRailInterchanges,11.3,2.5841396591085743
contributorReliability,0.80,10,network.overlappingRoutePairs,33.7,1.636391694484477
contributorReliability,0.80,10,network.routeKm,597.4330199243483,46.465501031825944
contributorReliability,0.80,10,network.meanInterStopKm,9.793983933186038,0.7617295251119005
contributorReliability,0.80,10,network.railShareOfFastestItineraryPct,55.787914122392465,7.491560490159642
contributorReliability,0.80,10,network.meanTransfersFastestItinerary,1.0379400398889072,0.08698291957039213
contributorReliability,0.80,10,reports.meanPerTrip,2.9909666666666666,0.04156192761603448
contributorReliability,0.86,10,existing.itineraryFoundRatePct,51.63333333333334,3.472822170391178
contributorReliability,0.86,10,existing.endToEndSuccessRatePct,51.63333333333334,3.472822170391178
contributorReliability,0.86,10,existing.meanAlternativesShown,1.0301670650954935,0.01905367379137688
contributorReliability,0.86,10,existing.pctNeedingWholeTripParatransit,48.36666666666667,3.4728221703911784
contributorReliability,0.86,10,existing.meanAbsEtaErrorMin,2.4910730982558418,0.043893887214359766
contributorReliability,0.86,10,existing.crowdingKnownRatePct,0.0,0.0
contributorReliability,0.86,10,existing.crowdingAccuracyWhenKnownPct,0.0,0.0
contributorReliability,0.86,10,existing.crowdingSystemWideAccuracyPct,33.33333333333479,0.0
contributorReliability,0.86,10,existing.paratransitMatchRatePct,0.0,0.0
contributorReliability,0.86,10,proposed.itineraryFoundRatePct,96.9,2.2610496852153306
contributorReliability,0.86,10,proposed.endToEndSuccessRatePct,99.73333333333333,0.3442651863295485
contributorReliability,0.86,10,proposed.meanAlternativesShown,1.989761771751325,0.08940171060294438
contributorReliability,0.86,10,proposed.pctNeedingWholeTripParatransit,3.1,2.2610496852153306
contributorReliability,0.86,10,proposed.meanAbsEtaErrorMin,1.9754648147806422,0.04418123730134276
contributorReliability,0.86,10,proposed.crowdingKnownRatePct,29.639999999999997,0.5843219136447242
contributorReliability,0.86,10,proposed.crowdingAccuracyWhenKnownPct,90.64390591875318,0.7953227959782432
contributorReliability,0.86,10,proposed.crowdingSystemWideAccuracyPct,50.32333333333234,0.5315156783422919
contributorReliability,0.86,10,proposed.paratransitMatchRatePct,94.65,0.4411684821353742
contributorReliability,0.86,10,proposed.paratransitMeanWaitMin,6.555031027077918,0.09830959944198092
contributorReliability,0.86,10,ablation.fr1Removed.itineraryFoundRatePct,90.86666666666667,5.343046710271972
contributorReliability,0.86,10,ablation.fr2Removed.itineraryFoundRatePct,63.666666666666664,3.2470309324894364
contributorReliability,0.86,10,ablation.fr5Removed.crowdingSystemWideAccuracyPct,33.33333333333479,0.0
contributorReliability,0.86,10,ablation.fr6Removed.endToEndSuccessRatePct,96.9,2.2610496852153306
contributorReliability,0.86,10,ablation.fr8Removed.paratransitMatchRatePct,72.70666666666666,0.4446666111388721
contributorReliability,0.86,10,delta.fr1.itineraryFoundRatePct,6.033333333333333,5.500729469021177
contributorReliability,0.86,10,delta.fr2.itineraryFoundRatePct,33.233333333333334,2.434576039853172
contributorReliability,0.86,10,delta.fr5.crowdingSystemWideAccuracyPct,16.98999999999755,0.5315156783422919
contributorReliability,0.86,10,delta.fr6.endToEndSuccessRatePct,2.8333333333333313,2.092018931529192
contributorReliability,0.86,10,delta.fr8.paratransitMatchRatePct,21.943333333333335,0.4405524029591567
contributorReliability,0.86,10,network.servedStops,34.3,1.2516655570345725
contributorReliability,0.86,10,network.transferNodes,22.1,2.7264140062238043
contributorReliability,0.86,10,network.busRailInterchanges,11.3,2.5841396591085743
contributorReliability,0.86,10,network.overlappingRoutePairs,33.7,1.636391694484477
contributorReliability,0.86,10,network.routeKm,597.4330199243483,46.465501031825944
contributorReliability,0.86,10,network.meanInterStopKm,9.793983933186038,0.7617295251119005
contributorReliability,0.86,10,network.railShareOfFastestItineraryPct,55.787914122392465,7.491560490159642
contributorReliability,0.86,10,network.meanTransfersFastestItinerary,1.0379400398889072,0.08698291957039213
contributorReliability,0.86,10,reports.meanPerTrip,3.0167,0.03130552351373687
consensusMinReports,2,10,existing.itineraryFoundRatePct,51.63333333333334,3.472822170391178
consensusMinReports,2,10,existing.endToEndSuccessRatePct,51.63333333333334,3.472822170391178
consensusMinReports,2,10,existing.meanAlternativesShown,1.0301670650954935,0.01905367379137688
consensusMinReports,2,10,existing.pctNeedingWholeTripParatransit,48.36666666666667,3.4728221703911784
consensusMinReports,2,10,existing.meanAbsEtaErrorMin,2.4910730982558418,0.043893887214359766
consensusMinReports,2,10,existing.crowdingKnownRatePct,0.0,0.0
consensusMinReports,2,10,existing.crowdingAccuracyWhenKnownPct,0.0,0.0
consensusMinReports,2,10,existing.crowdingSystemWideAccuracyPct,33.33333333333479,0.0
consensusMinReports,2,10,existing.paratransitMatchRatePct,0.0,0.0
consensusMinReports,2,10,proposed.itineraryFoundRatePct,96.9,2.2610496852153306
consensusMinReports,2,10,proposed.endToEndSuccessRatePct,99.73333333333333,0.3442651863295485
consensusMinReports,2,10,proposed.meanAlternativesShown,1.989761771751325,0.08940171060294438
consensusMinReports,2,10,proposed.pctNeedingWholeTripParatransit,3.1,2.2610496852153306
consensusMinReports,2,10,proposed.meanAbsEtaErrorMin,1.9205493932584177,0.05138364155191944
consensusMinReports,2,10,proposed.crowdingKnownRatePct,42.660000000000004,1.5024917575419454
consensusMinReports,2,10,proposed.crowdingAccuracyWhenKnownPct,83.26456704708356,1.2023290748268451
consensusMinReports,2,10,proposed.crowdingSystemWideAccuracyPct,54.639999999998906,1.0345631868833465
consensusMinReports,2,10,proposed.paratransitMatchRatePct,94.65,0.4411684821353742
consensusMinReports,2,10,proposed.paratransitMeanWaitMin,6.555031027077918,0.09830959944198092
consensusMinReports,2,10,ablation.fr1Removed.itineraryFoundRatePct,90.86666666666667,5.343046710271972
consensusMinReports,2,10,ablation.fr2Removed.itineraryFoundRatePct,63.666666666666664,3.2470309324894364
consensusMinReports,2,10,ablation.fr5Removed.crowdingSystemWideAccuracyPct,33.33333333333479,0.0
consensusMinReports,2,10,ablation.fr6Removed.endToEndSuccessRatePct,96.9,2.2610496852153306
consensusMinReports,2,10,ablation.fr8Removed.paratransitMatchRatePct,72.70666666666666,0.4446666111388721
consensusMinReports,2,10,delta.fr1.itineraryFoundRatePct,6.033333333333333,5.500729469021177
consensusMinReports,2,10,delta.fr2.itineraryFoundRatePct,33.233333333333334,2.434576039853172
consensusMinReports,2,10,delta.fr5.crowdingSystemWideAccuracyPct,21.30666666666411,1.0345631868833465
consensusMinReports,2,10,delta.fr6.endToEndSuccessRatePct,2.8333333333333313,2.092018931529192
consensusMinReports,2,10,delta.fr8.paratransitMatchRatePct,21.943333333333335,0.4405524029591567
consensusMinReports,2,10,network.servedStops,34.3,1.2516655570345725
consensusMinReports,2,10,network.transferNodes,22.1,2.7264140062238043
consensusMinReports,2,10,network.busRailInterchanges,11.3,2.5841396591085743
consensusMinReports,2,10,network.overlappingRoutePairs,33.7,1.636391694484477
consensusMinReports,2,10,network.routeKm,597.4330199243483,46.465501031825944
consensusMinReports,2,10,network.meanInterStopKm,9.793983933186038,0.7617295251119005
consensusMinReports,2,10,network.railShareOfFastestItineraryPct,55.787914122392465,7.491560490159642
consensusMinReports,2,10,network.meanTransfersFastestItinerary,1.0379400398889072,0.08698291957039213
consensusMinReports,2,10,reports.meanPerTrip,3.0054666666666665,0.03429868802155554
consensusMinReports,3,10,existing.itineraryFoundRatePct,51.63333333333334,3.472822170391178
consensusMinReports,3,10,existing.endToEndSuccessRatePct,51.63333333333334,3.472822170391178
consensusMinReports,3,10,existing.meanAlternativesShown,1.0301670650954935,0.01905367379137688
consensusMinReports,3,10,existing.pctNeedingWholeTripParatransit,48.36666666666667,3.4728221703911784
consensusMinReports,3,10,existing.meanAbsEtaErrorMin,2.4910730982558418,0.043893887214359766
consensusMinReports,3,10,existing.crowdingKnownRatePct,0.0,0.0
consensusMinReports,3,10,existing.crowdingAccuracyWhenKnownPct,0.0,0.0
consensusMinReports,3,10,existing.crowdingSystemWideAccuracyPct,33.33333333333479,0.0
consensusMinReports,3,10,existing.paratransitMatchRatePct,0.0,0.0
consensusMinReports,3,10,proposed.itineraryFoundRatePct,96.9,2.2610496852153306
consensusMinReports,3,10,proposed.endToEndSuccessRatePct,99.73333333333333,0.3442651863295485
consensusMinReports,3,10,proposed.meanAlternativesShown,1.989761771751325,0.08940171060294438
consensusMinReports,3,10,proposed.pctNeedingWholeTripParatransit,3.1,2.2610496852153306
consensusMinReports,3,10,proposed.meanAbsEtaErrorMin,2.1235864107196263,0.048874292851698364
consensusMinReports,3,10,proposed.crowdingKnownRatePct,26.013333333333332,1.6178937687356296
consensusMinReports,3,10,proposed.crowdingAccuracyWhenKnownPct,84.21107948692347,0.9856574843763866
consensusMinReports,3,10,proposed.crowdingSystemWideAccuracyPct,46.57555555555486,0.957488713504304
consensusMinReports,3,10,proposed.paratransitMatchRatePct,94.65,0.4411684821353742
consensusMinReports,3,10,proposed.paratransitMeanWaitMin,6.555031027077918,0.09830959944198092
consensusMinReports,3,10,ablation.fr1Removed.itineraryFoundRatePct,90.86666666666667,5.343046710271972
consensusMinReports,3,10,ablation.fr2Removed.itineraryFoundRatePct,63.666666666666664,3.2470309324894364
consensusMinReports,3,10,ablation.fr5Removed.crowdingSystemWideAccuracyPct,33.33333333333479,0.0
consensusMinReports,3,10,ablation.fr6Removed.endToEndSuccessRatePct,96.9,2.2610496852153306
consensusMinReports,3,10,ablation.fr8Removed.paratransitMatchRatePct,72.70666666666666,0.4446666111388721
consensusMinReports,3,10,delta.fr1.itineraryFoundRatePct,6.033333333333333,5.500729469021177
consensusMinReports,3,10,delta.fr2.itineraryFoundRatePct,33.233333333333334,2.434576039853172
consensusMinReports,3,10,delta.fr5.crowdingSystemWideAccuracyPct,13.242222222220068,0.957488713504304
consensusMinReports,3,10,delta.fr6.endToEndSuccessRatePct,2.8333333333333313,2.092018931529192
consensusMinReports,3,10,delta.fr8.paratransitMatchRatePct,21.943333333333335,0.4405524029591567
consensusMinReports,3,10,network.servedStops,34.3,1.2516655570345725
consensusMinReports,3,10,network.transferNodes,22.1,2.7264140062238043
consensusMinReports,3,10,network.busRailInterchanges,11.3,2.5841396591085743
consensusMinReports,3,10,network.overlappingRoutePairs,33.7,1.636391694484477
consensusMinReports,3,10,network.routeKm,597.4330199243483,46.465501031825944
consensusMinReports,3,10,network.meanInterStopKm,9.793983933186038,0.7617295251119005
consensusMinReports,3,10,network.railShareOfFastestItineraryPct,55.787914122392465,7.491560490159642
consensusMinReports,3,10,network.meanTransfersFastestItinerary,1.0379400398889072,0.08698291957039213
consensusMinReports,3,10,reports.meanPerTrip,3.0054666666666665,0.03429868802155554
consensusMinReports,4,10,existing.itineraryFoundRatePct,51.63333333333334,3.472822170391178
consensusMinReports,4,10,existing.endToEndSuccessRatePct,51.63333333333334,3.472822170391178
consensusMinReports,4,10,existing.meanAlternativesShown,1.0301670650954935,0.01905367379137688
consensusMinReports,4,10,existing.pctNeedingWholeTripParatransit,48.36666666666667,3.4728221703911784
consensusMinReports,4,10,existing.meanAbsEtaErrorMin,2.4910730982558418,0.043893887214359766
consensusMinReports,4,10,existing.crowdingKnownRatePct,0.0,0.0
consensusMinReports,4,10,existing.crowdingAccuracyWhenKnownPct,0.0,0.0
consensusMinReports,4,10,existing.crowdingSystemWideAccuracyPct,33.33333333333479,0.0
consensusMinReports,4,10,existing.paratransitMatchRatePct,0.0,0.0
consensusMinReports,4,10,proposed.itineraryFoundRatePct,96.9,2.2610496852153306
consensusMinReports,4,10,proposed.endToEndSuccessRatePct,99.73333333333333,0.3442651863295485
consensusMinReports,4,10,proposed.meanAlternativesShown,1.989761771751325,0.08940171060294438
consensusMinReports,4,10,proposed.pctNeedingWholeTripParatransit,3.1,2.2610496852153306
consensusMinReports,4,10,proposed.meanAbsEtaErrorMin,2.3292239822761585,0.051554486609417846
consensusMinReports,4,10,proposed.crowdingKnownRatePct,10.823333333333334,0.6972698080264089
consensusMinReports,4,10,proposed.crowdingAccuracyWhenKnownPct,87.28753056968466,1.6907955682100464
consensusMinReports,4,10,proposed.crowdingSystemWideAccuracyPct,39.17555555555584,0.4602379059150482
consensusMinReports,4,10,proposed.paratransitMatchRatePct,94.65,0.4411684821353742
consensusMinReports,4,10,proposed.paratransitMeanWaitMin,6.555031027077918,0.09830959944198092
consensusMinReports,4,10,ablation.fr1Removed.itineraryFoundRatePct,90.86666666666667,5.343046710271972
consensusMinReports,4,10,ablation.fr2Removed.itineraryFoundRatePct,63.666666666666664,3.2470309324894364
consensusMinReports,4,10,ablation.fr5Removed.crowdingSystemWideAccuracyPct,33.33333333333479,0.0
consensusMinReports,4,10,ablation.fr6Removed.endToEndSuccessRatePct,96.9,2.2610496852153306
consensusMinReports,4,10,ablation.fr8Removed.paratransitMatchRatePct,72.70666666666666,0.4446666111388721
consensusMinReports,4,10,delta.fr1.itineraryFoundRatePct,6.033333333333333,5.500729469021177
consensusMinReports,4,10,delta.fr2.itineraryFoundRatePct,33.233333333333334,2.434576039853172
consensusMinReports,4,10,delta.fr5.crowdingSystemWideAccuracyPct,5.842222222221046,0.4602379059150482
consensusMinReports,4,10,delta.fr6.endToEndSuccessRatePct,2.8333333333333313,2.092018931529192
consensusMinReports,4,10,delta.fr8.paratransitMatchRatePct,21.943333333333335,0.4405524029591567
consensusMinReports,4,10,network.servedStops,34.3,1.2516655570345725
consensusMinReports,4,10,network.transferNodes,22.1,2.7264140062238043
consensusMinReports,4,10,network.busRailInterchanges,11.3,2.5841396591085743
consensusMinReports,4,10,network.overlappingRoutePairs,33.7,1.636391694484477
consensusMinReports,4,10,network.routeKm,597.4330199243483,46.465501031825944
consensusMinReports,4,10,network.meanInterStopKm,9.793983933186038,0.7617295251119005
consensusMinReports,4,10,network.railShareOfFastestItineraryPct,55.787914122392465,7.491560490159642
consensusMinReports,4,10,network.meanTransfersFastestItinerary,1.0379400398889072,0.08698291957039213
consensusMinReports,4,10,reports.meanPerTrip,3.0054666666666665,0.03429868802155554
consensusMinReports,5,10,existing.itineraryFoundRatePct,51.63333333333334,3.472822170391178
consensusMinReports,5,10,existing.endToEndSuccessRatePct,51.63333333333334,3.472822170391178
consensusMinReports,5,10,existing.meanAlternativesShown,1.0301670650954935,0.01905367379137688
consensusMinReports,5,10,existing.pctNeedingWholeTripParatransit,48.36666666666667,3.4728221703911784
consensusMinReports,5,10,existing.meanAbsEtaErrorMin,2.4910730982558418,0.043893887214359766
consensusMinReports,5,10,existing.crowdingKnownRatePct,0.0,0.0
consensusMinReports,5,10,existing.crowdingAccuracyWhenKnownPct,0.0,0.0
consensusMinReports,5,10,existing.crowdingSystemWideAccuracyPct,33.33333333333479,0.0
consensusMinReports,5,10,existing.paratransitMatchRatePct,0.0,0.0
consensusMinReports,5,10,proposed.itineraryFoundRatePct,96.9,2.2610496852153306
consensusMinReports,5,10,proposed.endToEndSuccessRatePct,99.73333333333333,0.3442651863295485
consensusMinReports,5,10,proposed.meanAlternativesShown,1.989761771751325,0.08940171060294438
consensusMinReports,5,10,proposed.pctNeedingWholeTripParatransit,3.1,2.2610496852153306
consensusMinReports,5,10,proposed.meanAbsEtaErrorMin,2.423524403555315,0.04707785470081898
consensusMinReports,5,10,proposed.crowdingKnownRatePct,4.1,0.5628411174183973
consensusMinReports,5,10,proposed.crowdingAccuracyWhenKnownPct,88.9357969584868,4.361617755252832
consensusMinReports,5,10,proposed.crowdingSystemWideAccuracyPct,35.623333333334415,0.42025043157617253
consensusMinReports,5,10,proposed.paratransitMatchRatePct,94.65,0.4411684821353742
consensusMinReports,5,10,proposed.paratransitMeanWaitMin,6.555031027077918,0.09830959944198092
consensusMinReports,5,10,ablation.fr1Removed.itineraryFoundRatePct,90.86666666666667,5.343046710271972
consensusMinReports,5,10,ablation.fr2Removed.itineraryFoundRatePct,63.666666666666664,3.2470309324894364
consensusMinReports,5,10,ablation.fr5Removed.crowdingSystemWideAccuracyPct,33.33333333333479,0.0
consensusMinReports,5,10,ablation.fr6Removed.endToEndSuccessRatePct,96.9,2.2610496852153306
consensusMinReports,5,10,ablation.fr8Removed.paratransitMatchRatePct,72.70666666666666,0.4446666111388721
consensusMinReports,5,10,delta.fr1.itineraryFoundRatePct,6.033333333333333,5.500729469021177
consensusMinReports,5,10,delta.fr2.itineraryFoundRatePct,33.233333333333334,2.434576039853172
consensusMinReports,5,10,delta.fr5.crowdingSystemWideAccuracyPct,2.2899999999996203,0.42025043157617253
consensusMinReports,5,10,delta.fr6.endToEndSuccessRatePct,2.8333333333333313,2.092018931529192
consensusMinReports,5,10,delta.fr8.paratransitMatchRatePct,21.943333333333335,0.4405524029591567
consensusMinReports,5,10,network.servedStops,34.3,1.2516655570345725
consensusMinReports,5,10,network.transferNodes,22.1,2.7264140062238043
consensusMinReports,5,10,network.busRailInterchanges,11.3,2.5841396591085743
consensusMinReports,5,10,network.overlappingRoutePairs,33.7,1.636391694484477
consensusMinReports,5,10,network.routeKm,597.4330199243483,46.465501031825944
consensusMinReports,5,10,network.meanInterStopKm,9.793983933186038,0.7617295251119005
consensusMinReports,5,10,network.railShareOfFastestItineraryPct,55.787914122392465,7.491560490159642
consensusMinReports,5,10,network.meanTransfersFastestItinerary,1.0379400398889072,0.08698291957039213
consensusMinReports,5,10,reports.meanPerTrip,3.0054666666666665,0.03429868802155554
consensusAgreementThreshold,0.5,10,existing.itineraryFoundRatePct,51.63333333333334,3.472822170391178
consensusAgreementThreshold,0.5,10,existing.endToEndSuccessRatePct,51.63333333333334,3.472822170391178
consensusAgreementThreshold,0.5,10,existing.meanAlternativesShown,1.0301670650954935,0.01905367379137688
consensusAgreementThreshold,0.5,10,existing.pctNeedingWholeTripParatransit,48.36666666666667,3.4728221703911784
consensusAgreementThreshold,0.5,10,existing.meanAbsEtaErrorMin,2.4910730982558418,0.043893887214359766
consensusAgreementThreshold,0.5,10,existing.crowdingKnownRatePct,0.0,0.0
consensusAgreementThreshold,0.5,10,existing.crowdingAccuracyWhenKnownPct,0.0,0.0
consensusAgreementThreshold,0.5,10,existing.crowdingSystemWideAccuracyPct,33.33333333333479,0.0
consensusAgreementThreshold,0.5,10,existing.paratransitMatchRatePct,0.0,0.0
consensusAgreementThreshold,0.5,10,proposed.itineraryFoundRatePct,96.9,2.2610496852153306
consensusAgreementThreshold,0.5,10,proposed.endToEndSuccessRatePct,99.73333333333333,0.3442651863295485
consensusAgreementThreshold,0.5,10,proposed.meanAlternativesShown,1.989761771751325,0.08940171060294438
consensusAgreementThreshold,0.5,10,proposed.pctNeedingWholeTripParatransit,3.1,2.2610496852153306
consensusAgreementThreshold,0.5,10,proposed.meanAbsEtaErrorMin,2.102540001524987,0.052722495262606486
consensusAgreementThreshold,0.5,10,proposed.crowdingKnownRatePct,29.04,1.3128801624625352
consensusAgreementThreshold,0.5,10,proposed.crowdingAccuracyWhenKnownPct,83.92465516020557,1.000276805617674
consensusAgreementThreshold,0.5,10,proposed.crowdingSystemWideAccuracyPct,48.02999999999919,0.8140577290846377
consensusAgreementThreshold,0.5,10,proposed.paratransitMatchRatePct,94.65,0.4411684821353742
consensusAgreementThreshold,0.5,10,proposed.paratransitMeanWaitMin,6.555031027077918,0.09830959944198092
consensusAgreementThreshold,0.5,10,ablation.fr1Removed.itineraryFoundRatePct,90.86666666666667,5.343046710271972
consensusAgreementThreshold,0.5,10,ablation.fr2Removed.itineraryFoundRatePct,63.666666666666664,3.2470309324894364
consensusAgreementThreshold,0.5,10,ablation.fr5Removed.crowdingSystemWideAccuracyPct,33.33333333333479,0.0
consensusAgreementThreshold,0.5,10,ablation.fr6Removed.endToEndSuccessRatePct,96.9,2.2610496852153306
consensusAgreementThreshold,0.5,10,ablation.fr8Removed.paratransitMatchRatePct,72.70666666666666,0.4446666111388721
consensusAgreementThreshold,0.5,10,delta.fr1.itineraryFoundRatePct,6.033333333333333,5.500729469021177
consensusAgreementThreshold,0.5,10,delta.fr2.itineraryFoundRatePct,33.233333333333334,2.434576039853172
consensusAgreementThreshold,0.5,10,delta.fr5.crowdingSystemWideAccuracyPct,14.696666666664395,0.8140577290846377
consensusAgreementThreshold,0.5,10,delta.fr6.endToEndSuccessRatePct,2.8333333333333313,2.092018931529192
consensusAgreementThreshold,0.5,10,delta.fr8.paratransitMatchRatePct,21.943333333333335,0.4405524029591567
consensusAgreementThreshold,0.5,10,network.servedStops,34.3,1.2516655570345725
consensusAgreementThreshold,0.5,10,network.transferNodes,22.1,2.7264140062238043
consensusAgreementThreshold,0.5,10,network.busRailInterchanges,11.3,2.5841396591085743
consensusAgreementThreshold,0.5,10,network.overlappingRoutePairs,33.7,1.636391694484477
consensusAgreementThreshold,0.5,10,network.routeKm,597.4330199243483,46.465501031825944
consensusAgreementThreshold,0.5,10,network.meanInterStopKm,9.793983933186038,0.7617295251119005
consensusAgreementThreshold,0.5,10,network.railShareOfFastestItineraryPct,55.787914122392465,7.491560490159642
consensusAgreementThreshold,0.5,10,network.meanTransfersFastestItinerary,1.0379400398889072,0.08698291957039213
consensusAgreementThreshold,0.5,10,reports.meanPerTrip,3.0054666666666665,0.03429868802155554
consensusAgreementThreshold,0.65,10,existing.itineraryFoundRatePct,51.63333333333334,3.472822170391178
consensusAgreementThreshold,0.65,10,existing.endToEndSuccessRatePct,51.63333333333334,3.472822170391178
consensusAgreementThreshold,0.65,10,existing.meanAlternativesShown,1.0301670650954935,0.01905367379137688
consensusAgreementThreshold,0.65,10,existing.pctNeedingWholeTripParatransit,48.36666666666667,3.4728221703911784
consensusAgreementThreshold,0.65,10,existing.meanAbsEtaErrorMin,2.4910730982558418,0.043893887214359766
consensusAgreementThreshold,0.65,10,existing.crowdingKnownRatePct,0.0,0.0
consensusAgreementThreshold,0.65,10,existing.crowdingAccuracyWhenKnownPct,0.0,0.0
consensusAgreementThreshold,0.65,10,existing.crowdingSystemWideAccuracyPct,33.33333333333479,0.0
consensusAgreementThreshold,0.65,10,existing.paratransitMatchRatePct,0.0,0.0
consensusAgreementThreshold,0.65,10,proposed.itineraryFoundRatePct,96.9,2.2610496852153306
consensusAgreementThreshold,0.65,10,proposed.endToEndSuccessRatePct,99.73333333333333,0.3442651863295485
consensusAgreementThreshold,0.65,10,proposed.meanAlternativesShown,1.989761771751325,0.08940171060294438
consensusAgreementThreshold,0.65,10,proposed.pctNeedingWholeTripParatransit,3.1,2.2610496852153306
consensusAgreementThreshold,0.65,10,proposed.meanAbsEtaErrorMin,2.1235864107196263,0.048874292851698364
consensusAgreementThreshold,0.65,10,proposed.crowdingKnownRatePct,26.013333333333332,1.6178937687356296
consensusAgreementThreshold,0.65,10,proposed.crowdingAccuracyWhenKnownPct,84.21107948692347,0.9856574843763866
consensusAgreementThreshold,0.65,10,proposed.crowdingSystemWideAccuracyPct,46.57555555555486,0.957488713504304
consensusAgreementThreshold,0.65,10,proposed.paratransitMatchRatePct,94.65,0.4411684821353742
consensusAgreementThreshold,0.65,10,proposed.paratransitMeanWaitMin,6.555031027077918,0.09830959944198092
consensusAgreementThreshold,0.65,10,ablation.fr1Removed.itineraryFoundRatePct,90.86666666666667,5.343046710271972
consensusAgreementThreshold,0.65,10,ablation.fr2Removed.itineraryFoundRatePct,63.666666666666664,3.2470309324894364
consensusAgreementThreshold,0.65,10,ablation.fr5Removed.crowdingSystemWideAccuracyPct,33.33333333333479,0.0
consensusAgreementThreshold,0.65,10,ablation.fr6Removed.endToEndSuccessRatePct,96.9,2.2610496852153306
consensusAgreementThreshold,0.65,10,ablation.fr8Removed.paratransitMatchRatePct,72.70666666666666,0.4446666111388721
consensusAgreementThreshold,0.65,10,delta.fr1.itineraryFoundRatePct,6.033333333333333,5.500729469021177
consensusAgreementThreshold,0.65,10,delta.fr2.itineraryFoundRatePct,33.233333333333334,2.434576039853172
consensusAgreementThreshold,0.65,10,delta.fr5.crowdingSystemWideAccuracyPct,13.242222222220068,0.957488713504304
consensusAgreementThreshold,0.65,10,delta.fr6.endToEndSuccessRatePct,2.8333333333333313,2.092018931529192
consensusAgreementThreshold,0.65,10,delta.fr8.paratransitMatchRatePct,21.943333333333335,0.4405524029591567
consensusAgreementThreshold,0.65,10,network.servedStops,34.3,1.2516655570345725
consensusAgreementThreshold,0.65,10,network.transferNodes,22.1,2.7264140062238043
consensusAgreementThreshold,0.65,10,network.busRailInterchanges,11.3,2.5841396591085743
consensusAgreementThreshold,0.65,10,network.overlappingRoutePairs,33.7,1.636391694484477
consensusAgreementThreshold,0.65,10,network.routeKm,597.4330199243483,46.465501031825944
consensusAgreementThreshold,0.65,10,network.meanInterStopKm,9.793983933186038,0.7617295251119005
consensusAgreementThreshold,0.65,10,network.railShareOfFastestItineraryPct,55.787914122392465,7.491560490159642
consensusAgreementThreshold,0.65,10,network.meanTransfersFastestItinerary,1.0379400398889072,0.08698291957039213
consensusAgreementThreshold,0.65,10,reports.meanPerTrip,3.0054666666666665,0.03429868802155554
consensusAgreementThreshold,0.8,10,existing.itineraryFoundRatePct,51.63333333333334,3.472822170391178
consensusAgreementThreshold,0.8,10,existing.endToEndSuccessRatePct,51.63333333333334,3.472822170391178
consensusAgreementThreshold,0.8,10,existing.meanAlternativesShown,1.0301670650954935,0.01905367379137688
consensusAgreementThreshold,0.8,10,existing.pctNeedingWholeTripParatransit,48.36666666666667,3.4728221703911784
consensusAgreementThreshold,0.8,10,existing.meanAbsEtaErrorMin,2.4910730982558418,0.043893887214359766
consensusAgreementThreshold,0.8,10,existing.crowdingKnownRatePct,0.0,0.0
consensusAgreementThreshold,0.8,10,existing.crowdingAccuracyWhenKnownPct,0.0,0.0
consensusAgreementThreshold,0.8,10,existing.crowdingSystemWideAccuracyPct,33.33333333333479,0.0
consensusAgreementThreshold,0.8,10,existing.paratransitMatchRatePct,0.0,0.0
consensusAgreementThreshold,0.8,10,proposed.itineraryFoundRatePct,96.9,2.2610496852153306
consensusAgreementThreshold,0.8,10,proposed.endToEndSuccessRatePct,99.73333333333333,0.3442651863295485
consensusAgreementThreshold,0.8,10,proposed.meanAlternativesShown,1.989761771751325,0.08940171060294438
consensusAgreementThreshold,0.8,10,proposed.pctNeedingWholeTripParatransit,3.1,2.2610496852153306
consensusAgreementThreshold,0.8,10,proposed.meanAbsEtaErrorMin,2.254716709716484,0.04816477730140116
consensusAgreementThreshold,0.8,10,proposed.crowdingKnownRatePct,15.893333333333334,1.157775645124929
consensusAgreementThreshold,0.8,10,proposed.crowdingAccuracyWhenKnownPct,85.00571676573733,1.3629303489701519
consensusAgreementThreshold,0.8,10,proposed.crowdingSystemWideAccuracyPct,41.54888888888879,0.6667530808191174
consensusAgreementThreshold,0.8,10,proposed.paratransitMatchRatePct,94.65,0.4411684821353742
consensusAgreementThreshold,0.8,10,proposed.paratransitMeanWaitMin,6.555031027077918,0.09830959944198092
consensusAgreementThreshold,0.8,10,ablation.fr1Removed.itineraryFoundRatePct,90.86666666666667,5.343046710271972
consensusAgreementThreshold,0.8,10,ablation.fr2Removed.itineraryFoundRatePct,63.666666666666664,3.2470309324894364
consensusAgreementThreshold,0.8,10,ablation.fr5Removed.crowdingSystemWideAccuracyPct,33.33333333333479,0.0
consensusAgreementThreshold,0.8,10,ablation.fr6Removed.endToEndSuccessRatePct,96.9,2.2610496852153306
consensusAgreementThreshold,0.8,10,ablation.fr8Removed.paratransitMatchRatePct,72.70666666666666,0.4446666111388721
consensusAgreementThreshold,0.8,10,delta.fr1.itineraryFoundRatePct,6.033333333333333,5.500729469021177
consensusAgreementThreshold,0.8,10,delta.fr2.itineraryFoundRatePct,33.233333333333334,2.434576039853172
consensusAgreementThreshold,0.8,10,delta.fr5.crowdingSystemWideAccuracyPct,8.215555555554001,0.6667530808191174
consensusAgreementThreshold,0.8,10,delta.fr6.endToEndSuccessRatePct,2.8333333333333313,2.092018931529192
consensusAgreementThreshold,0.8,10,delta.fr8.paratransitMatchRatePct,21.943333333333335,0.4405524029591567
consensusAgreementThreshold,0.8,10,network.servedStops,34.3,1.2516655570345725
consensusAgreementThreshold,0.8,10,network.transferNodes,22.1,2.7264140062238043
consensusAgreementThreshold,0.8,10,network.busRailInterchanges,11.3,2.5841396591085743
consensusAgreementThreshold,0.8,10,network.overlappingRoutePairs,33.7,1.636391694484477
consensusAgreementThreshold,0.8,10,network.routeKm,597.4330199243483,46.465501031825944
consensusAgreementThreshold,0.8,10,network.meanInterStopKm,9.793983933186038,0.7617295251119005
consensusAgreementThreshold,0.8,10,network.railShareOfFastestItineraryPct,55.787914122392465,7.491560490159642
consensusAgreementThreshold,0.8,10,network.meanTransfersFastestItinerary,1.0379400398889072,0.08698291957039213
consensusAgreementThreshold,0.8,10,reports.meanPerTrip,3.0054666666666665,0.03429868802155554
meanReportersPerTrip,1.0,10,existing.itineraryFoundRatePct,51.63333333333334,3.472822170391178
meanReportersPerTrip,1.0,10,existing.endToEndSuccessRatePct,51.63333333333334,3.472822170391178
meanReportersPerTrip,1.0,10,existing.meanAlternativesShown,1.0301670650954935,0.01905367379137688
meanReportersPerTrip,1.0,10,existing.pctNeedingWholeTripParatransit,48.36666666666667,3.4728221703911784
meanReportersPerTrip,1.0,10,existing.meanAbsEtaErrorMin,2.4910730982558418,0.043893887214359766
meanReportersPerTrip,1.0,10,existing.crowdingKnownRatePct,0.0,0.0
meanReportersPerTrip,1.0,10,existing.crowdingAccuracyWhenKnownPct,0.0,0.0
meanReportersPerTrip,1.0,10,existing.crowdingSystemWideAccuracyPct,33.33333333333479,0.0
meanReportersPerTrip,1.0,10,existing.paratransitMatchRatePct,0.0,0.0
meanReportersPerTrip,1.0,10,proposed.itineraryFoundRatePct,96.9,2.2610496852153306
meanReportersPerTrip,1.0,10,proposed.endToEndSuccessRatePct,99.73333333333333,0.3442651863295485
meanReportersPerTrip,1.0,10,proposed.meanAlternativesShown,1.989761771751325,0.08940171060294438
meanReportersPerTrip,1.0,10,proposed.pctNeedingWholeTripParatransit,3.1,2.2610496852153306
meanReportersPerTrip,1.0,10,proposed.meanAbsEtaErrorMin,2.458689910523729,0.04471464255316957
meanReportersPerTrip,1.0,10,proposed.crowdingKnownRatePct,2.4466666666666668,0.18671956922311123
meanReportersPerTrip,1.0,10,proposed.crowdingAccuracyWhenKnownPct,82.33322047428643,3.8706195575305067
meanReportersPerTrip,1.0,10,proposed.crowdingSystemWideAccuracyPct,34.53444444444582,0.15012112165171296
meanReportersPerTrip,1.0,10,proposed.paratransitMatchRatePct,94.65,0.4411684821353742
meanReportersPerTrip,1.0,10,proposed.paratransitMeanWaitMin,6.555031027077918,0.09830959944198092
meanReportersPerTrip,1.0,10,ablation.fr1Removed.itineraryFoundRatePct,90.86666666666667,5.343046710271972
meanReportersPerTrip,1.0,10,ablation.fr2Removed.itineraryFoundRatePct,63.666666666666664,3.2470309324894364
meanReportersPerTrip,1.0,10,ablation.fr5Removed.crowdingSystemWideAccuracyPct,33.33333333333479,0.0
meanReportersPerTrip,1.0,10,ablation.fr6Removed.endToEndSuccessRatePct,96.9,2.2610496852153306
meanReportersPerTrip,1.0,10,ablation.fr8Removed.paratransitMatchRatePct,72.70666666666666,0.4446666111388721
meanReportersPerTrip,1.0,10,delta.fr1.itineraryFoundRatePct,6.033333333333333,5.500729469021177
meanReportersPerTrip,1.0,10,delta.fr2.itineraryFoundRatePct,33.233333333333334,2.434576039853172
meanReportersPerTrip,1.0,10,delta.fr5.crowdingSystemWideAccuracyPct,1.2011111111110295,0.15012112165171296
meanReportersPerTrip,1.0,10,delta.fr6.endToEndSuccessRatePct,2.8333333333333313,2.092018931529192
meanReportersPerTrip,1.0,10,delta.fr8.paratransitMatchRatePct,21.943333333333335,0.4405524029591567
meanReportersPerTrip,1.0,10,network.servedStops,34.3,1.2516655570345725
meanReportersPerTrip,1.0,10,network.transferNodes,22.1,2.7264140062238043
meanReportersPerTrip,1.0,10,network.busRailInterchanges,11.3,2.5841396591085743
meanReportersPerTrip,1.0,10,network.overlappingRoutePairs,33.7,1.636391694484477
meanReportersPerTrip,1.0,10,network.routeKm,597.4330199243483,46.465501031825944
meanReportersPerTrip,1.0,10,network.meanInterStopKm,9.793983933186038,0.7617295251119005
meanReportersPerTrip,1.0,10,network.railShareOfFastestItineraryPct,55.787914122392465,7.491560490159642
meanReportersPerTrip,1.0,10,network.meanTransfersFastestItinerary,1.0379400398889072,0.08698291957039213
meanReportersPerTrip,1.0,10,reports.meanPerTrip,0.9999333333333335,0.016322974795448274
meanReportersPerTrip,2.0,10,existing.itineraryFoundRatePct,51.63333333333334,3.472822170391178
meanReportersPerTrip,2.0,10,existing.endToEndSuccessRatePct,51.63333333333334,3.472822170391178
meanReportersPerTrip,2.0,10,existing.meanAlternativesShown,1.0301670650954935,0.01905367379137688
meanReportersPerTrip,2.0,10,existing.pctNeedingWholeTripParatransit,48.36666666666667,3.4728221703911784
meanReportersPerTrip,2.0,10,existing.meanAbsEtaErrorMin,2.4910730982558418,0.043893887214359766
meanReportersPerTrip,2.0,10,existing.crowdingKnownRatePct,0.0,0.0
meanReportersPerTrip,2.0,10,existing.crowdingAccuracyWhenKnownPct,0.0,0.0
meanReportersPerTrip,2.0,10,existing.crowdingSystemWideAccuracyPct,33.33333333333479,0.0
meanReportersPerTrip,2.0,10,existing.paratransitMatchRatePct,0.0,0.0
meanReportersPerTrip,2.0,10,proposed.itineraryFoundRatePct,96.9,2.2610496852153306
meanReportersPerTrip,2.0,10,proposed.endToEndSuccessRatePct,99.73333333333333,0.3442651863295485
meanReportersPerTrip,2.0,10,proposed.meanAlternativesShown,1.989761771751325,0.08940171060294438
meanReportersPerTrip,2.0,10,proposed.pctNeedingWholeTripParatransit,3.1,2.2610496852153306
meanReportersPerTrip,2.0,10,proposed.meanAbsEtaErrorMin,2.3251971036532555,0.04006617857074575
meanReportersPerTrip,2.0,10,proposed.crowdingKnownRatePct,12.42,0.5104343345392656
meanReportersPerTrip,2.0,10,proposed.crowdingAccuracyWhenKnownPct,83.09790303507889,2.282586233937537
meanReportersPerTrip,2.0,10,proposed.crowdingSystemWideAccuracyPct,39.51333333333359,0.36106077521917224
meanReportersPerTrip,2.0,10,proposed.paratransitMatchRatePct,94.65,0.4411684821353742
meanReportersPerTrip,2.0,10,proposed.paratransitMeanWaitMin,6.555031027077918,0.09830959944198092
meanReportersPerTrip,2.0,10,ablation.fr1Removed.itineraryFoundRatePct,90.86666666666667,5.343046710271972
meanReportersPerTrip,2.0,10,ablation.fr2Removed.itineraryFoundRatePct,63.666666666666664,3.2470309324894364
meanReportersPerTrip,2.0,10,ablation.fr5Removed.crowdingSystemWideAccuracyPct,33.33333333333479,0.0
meanReportersPerTrip,2.0,10,ablation.fr6Removed.endToEndSuccessRatePct,96.9,2.2610496852153306
meanReportersPerTrip,2.0,10,ablation.fr8Removed.paratransitMatchRatePct,72.70666666666666,0.4446666111388721
meanReportersPerTrip,2.0,10,delta.fr1.itineraryFoundRatePct,6.033333333333333,5.500729469021177
meanReportersPerTrip,2.0,10,delta.fr2.itineraryFoundRatePct,33.233333333333334,2.434576039853172
meanReportersPerTrip,2.0,10,delta.fr5.crowdingSystemWideAccuracyPct,6.179999999998795,0.36106077521917224
meanReportersPerTrip,2.0,10,delta.fr6.endToEndSuccessRatePct,2.8333333333333313,2.092018931529192
meanReportersPerTrip,2.0,10,delta.fr8.paratransitMatchRatePct,21.943333333333335,0.4405524029591567
meanReportersPerTrip,2.0,10,network.servedStops,34.3,1.2516655570345725
meanReportersPerTrip,2.0,10,network.transferNodes,22.1,2.7264140062238043
meanReportersPerTrip,2.0,10,network.busRailInterchanges,11.3,2.5841396591085743
meanReportersPerTrip,2.0,10,network.overlappingRoutePairs,33.7,1.636391694484477
meanReportersPerTrip,2.0,10,network.routeKm,597.4330199243483,46.465501031825944
meanReportersPerTrip,2.0,10,network.meanInterStopKm,9.793983933186038,0.7617295251119005
meanReportersPerTrip,2.0,10,network.railShareOfFastestItineraryPct,55.787914122392465,7.491560490159642
meanReportersPerTrip,2.0,10,network.meanTransfersFastestItinerary,1.0379400398889072,0.08698291957039213
meanReportersPerTrip,2.0,10,reports.meanPerTrip,2.0096,0.027995943268733992
meanReportersPerTrip,3.0,10,existing.itineraryFoundRatePct,51.63333333333334,3.472822170391178
meanReportersPerTrip,3.0,10,existing.endToEndSuccessRatePct,51.63333333333334,3.472822170391178
meanReportersPerTrip,3.0,10,existing.meanAlternativesShown,1.0301670650954935,0.01905367379137688
meanReportersPerTrip,3.0,10,existing.pctNeedingWholeTripParatransit,48.36666666666667,3.4728221703911784
meanReportersPerTrip,3.0,10,existing.meanAbsEtaErrorMin,2.4910730982558418,0.043893887214359766
meanReportersPerTrip,3.0,10,existing.crowdingKnownRatePct,0.0,0.0
meanReportersPerTrip,3.0,10,existing.crowdingAccuracyWhenKnownPct,0.0,0.0
meanReportersPerTrip,3.0,10,existing.crowdingSystemWideAccuracyPct,33.33333333333479,0.0
meanReportersPerTrip,3.0,10,existing.paratransitMatchRatePct,0.0,0.0
meanReportersPerTrip,3.0,10,proposed.itineraryFoundRatePct,96.9,2.2610496852153306
meanReportersPerTrip,3.0,10,proposed.endToEndSuccessRatePct,99.73333333333333,0.3442651863295485
meanReportersPerTrip,3.0,10,proposed.meanAlternativesShown,1.989761771751325,0.08940171060294438
meanReportersPerTrip,3.0,10,proposed.pctNeedingWholeTripParatransit,3.1,2.2610496852153306
meanReportersPerTrip,3.0,10,proposed.meanAbsEtaErrorMin,2.1235864107196263,0.048874292851698364
meanReportersPerTrip,3.0,10,proposed.crowdingKnownRatePct,26.013333333333332,1.6178937687356296
meanReportersPerTrip,3.0,10,proposed.crowdingAccuracyWhenKnownPct,84.21107948692347,0.9856574843763866
meanReportersPerTrip,3.0,10,proposed.crowdingSystemWideAccuracyPct,46.57555555555486,0.957488713504304
meanReportersPerTrip,3.0,10,proposed.paratransitMatchRatePct,94.65,0.4411684821353742
meanReportersPerTrip,3.0,10,proposed.paratransitMeanWaitMin,6.555031027077918,0.09830959944198092
meanReportersPerTrip,3.0,10,ablation.fr1Removed.itineraryFoundRatePct,90.86666666666667,5.343046710271972
meanReportersPerTrip,3.0,10,ablation.fr2Removed.itineraryFoundRatePct,63.666666666666664,3.2470309324894364
meanReportersPerTrip,3.0,10,ablation.fr5Removed.crowdingSystemWideAccuracyPct,33.33333333333479,0.0
meanReportersPerTrip,3.0,10,ablation.fr6Removed.endToEndSuccessRatePct,96.9,2.2610496852153306
meanReportersPerTrip,3.0,10,ablation.fr8Removed.paratransitMatchRatePct,72.70666666666666,0.4446666111388721
meanReportersPerTrip,3.0,10,delta.fr1.itineraryFoundRatePct,6.033333333333333,5.500729469021177
meanReportersPerTrip,3.0,10,delta.fr2.itineraryFoundRatePct,33.233333333333334,2.434576039853172
meanReportersPerTrip,3.0,10,delta.fr5.crowdingSystemWideAccuracyPct,13.242222222220068,0.957488713504304
meanReportersPerTrip,3.0,10,delta.fr6.endToEndSuccessRatePct,2.8333333333333313,2.092018931529192
meanReportersPerTrip,3.0,10,delta.fr8.paratransitMatchRatePct,21.943333333333335,0.4405524029591567
meanReportersPerTrip,3.0,10,network.servedStops,34.3,1.2516655570345725
meanReportersPerTrip,3.0,10,network.transferNodes,22.1,2.7264140062238043
meanReportersPerTrip,3.0,10,network.busRailInterchanges,11.3,2.5841396591085743
meanReportersPerTrip,3.0,10,network.overlappingRoutePairs,33.7,1.636391694484477
meanReportersPerTrip,3.0,10,network.routeKm,597.4330199243483,46.465501031825944
meanReportersPerTrip,3.0,10,network.meanInterStopKm,9.793983933186038,0.7617295251119005
meanReportersPerTrip,3.0,10,network.railShareOfFastestItineraryPct,55.787914122392465,7.491560490159642
meanReportersPerTrip,3.0,10,network.meanTransfersFastestItinerary,1.0379400398889072,0.08698291957039213
meanReportersPerTrip,3.0,10,reports.meanPerTrip,3.0054666666666665,0.03429868802155554
meanReportersPerTrip,5.0,10,existing.itineraryFoundRatePct,51.63333333333334,3.472822170391178
meanReportersPerTrip,5.0,10,existing.endToEndSuccessRatePct,51.63333333333334,3.472822170391178
meanReportersPerTrip,5.0,10,existing.meanAlternativesShown,1.0301670650954935,0.01905367379137688
meanReportersPerTrip,5.0,10,existing.pctNeedingWholeTripParatransit,48.36666666666667,3.4728221703911784
meanReportersPerTrip,5.0,10,existing.meanAbsEtaErrorMin,2.4910730982558418,0.043893887214359766
meanReportersPerTrip,5.0,10,existing.crowdingKnownRatePct,0.0,0.0
meanReportersPerTrip,5.0,10,existing.crowdingAccuracyWhenKnownPct,0.0,0.0
meanReportersPerTrip,5.0,10,existing.crowdingSystemWideAccuracyPct,33.33333333333479,0.0
meanReportersPerTrip,5.0,10,existing.paratransitMatchRatePct,0.0,0.0
meanReportersPerTrip,5.0,10,proposed.itineraryFoundRatePct,96.9,2.2610496852153306
meanReportersPerTrip,5.0,10,proposed.endToEndSuccessRatePct,99.73333333333333,0.3442651863295485
meanReportersPerTrip,5.0,10,proposed.meanAlternativesShown,1.989761771751325,0.08940171060294438
meanReportersPerTrip,5.0,10,proposed.pctNeedingWholeTripParatransit,3.1,2.2610496852153306
meanReportersPerTrip,5.0,10,proposed.meanAbsEtaErrorMin,1.7059132094649052,0.04577429945501862
meanReportersPerTrip,5.0,10,proposed.crowdingKnownRatePct,51.8,1.6022360917877108
meanReportersPerTrip,5.0,10,proposed.crowdingAccuracyWhenKnownPct,85.93694177078484,0.8417351668327632
meanReportersPerTrip,5.0,10,proposed.crowdingSystemWideAccuracyPct,60.58333333333214,0.9850911957393323
meanReportersPerTrip,5.0,10,proposed.paratransitMatchRatePct,94.65,0.4411684821353742
meanReportersPerTrip,5.0,10,proposed.paratransitMeanWaitMin,6.555031027077918,0.09830959944198092
meanReportersPerTrip,5.0,10,ablation.fr1Removed.itineraryFoundRatePct,90.86666666666667,5.343046710271972
meanReportersPerTrip,5.0,10,ablation.fr2Removed.itineraryFoundRatePct,63.666666666666664,3.2470309324894364
meanReportersPerTrip,5.0,10,ablation.fr5Removed.crowdingSystemWideAccuracyPct,33.33333333333479,0.0
meanReportersPerTrip,5.0,10,ablation.fr6Removed.endToEndSuccessRatePct,96.9,2.2610496852153306
meanReportersPerTrip,5.0,10,ablation.fr8Removed.paratransitMatchRatePct,72.70666666666666,0.4446666111388721
meanReportersPerTrip,5.0,10,delta.fr1.itineraryFoundRatePct,6.033333333333333,5.500729469021177
meanReportersPerTrip,5.0,10,delta.fr2.itineraryFoundRatePct,33.233333333333334,2.434576039853172
meanReportersPerTrip,5.0,10,delta.fr5.crowdingSystemWideAccuracyPct,27.24999999999735,0.9850911957393323
meanReportersPerTrip,5.0,10,delta.fr6.endToEndSuccessRatePct,2.8333333333333313,2.092018931529192
meanReportersPerTrip,5.0,10,delta.fr8.paratransitMatchRatePct,21.943333333333335,0.4405524029591567
meanReportersPerTrip,5.0,10,network.servedStops,34.3,1.2516655570345725
meanReportersPerTrip,5.0,10,network.transferNodes,22.1,2.7264140062238043
meanReportersPerTrip,5.0,10,network.busRailInterchanges,11.3,2.5841396591085743
meanReportersPerTrip,5.0,10,network.overlappingRoutePairs,33.7,1.636391694484477
meanReportersPerTrip,5.0,10,network.routeKm,597.4330199243483,46.465501031825944
meanReportersPerTrip,5.0,10,network.meanInterStopKm,9.793983933186038,0.7617295251119005
meanReportersPerTrip,5.0,10,network.railShareOfFastestItineraryPct,55.787914122392465,7.491560490159642
meanReportersPerTrip,5.0,10,network.meanTransfersFastestItinerary,1.0379400398889072,0.08698291957039213
meanReportersPerTrip,5.0,10,reports.meanPerTrip,4.9901333333333335,0.03221233564802829
meanReportersPerTrip,8.0,10,existing.itineraryFoundRatePct,51.63333333333334,3.472822170391178
meanReportersPerTrip,8.0,10,existing.endToEndSuccessRatePct,51.63333333333334,3.472822170391178
meanReportersPerTrip,8.0,10,existing.meanAlternativesShown,1.0301670650954935,0.01905367379137688
meanReportersPerTrip,8.0,10,existing.pctNeedingWholeTripParatransit,48.36666666666667,3.4728221703911784
meanReportersPerTrip,8.0,10,existing.meanAbsEtaErrorMin,2.4910730982558418,0.043893887214359766
meanReportersPerTrip,8.0,10,existing.crowdingKnownRatePct,0.0,0.0
meanReportersPerTrip,8.0,10,existing.crowdingAccuracyWhenKnownPct,0.0,0.0
meanReportersPerTrip,8.0,10,existing.crowdingSystemWideAccuracyPct,33.33333333333479,0.0
meanReportersPerTrip,8.0,10,existing.paratransitMatchRatePct,0.0,0.0
meanReportersPerTrip,8.0,10,proposed.itineraryFoundRatePct,96.9,2.2610496852153306
meanReportersPerTrip,8.0,10,proposed.endToEndSuccessRatePct,99.73333333333333,0.3442651863295485
meanReportersPerTrip,8.0,10,proposed.meanAlternativesShown,1.989761771751325,0.08940171060294438
meanReportersPerTrip,8.0,10,proposed.pctNeedingWholeTripParatransit,3.1,2.2610496852153306
meanReportersPerTrip,8.0,10,proposed.meanAbsEtaErrorMin,1.2703048037024822,0.0497858941765238
meanReportersPerTrip,8.0,10,proposed.crowdingKnownRatePct,74.53666666666666,1.5580495879523621
meanReportersPerTrip,8.0,10,proposed.crowdingAccuracyWhenKnownPct,88.4724412929102,1.0712079715667961
meanReportersPerTrip,8.0,10,proposed.crowdingSystemWideAccuracyPct,74.44444444444403,1.5798369452772287
meanReportersPerTrip,8.0,10,proposed.paratransitMatchRatePct,94.65,0.4411684821353742
meanReportersPerTrip,8.0,10,proposed.paratransitMeanWaitMin,6.555031027077918,0.09830959944198092
meanReportersPerTrip,8.0,10,ablation.fr1Removed.itineraryFoundRatePct,90.86666666666667,5.343046710271972
meanReportersPerTrip,8.0,10,ablation.fr2Removed.itineraryFoundRatePct,63.666666666666664,3.2470309324894364
meanReportersPerTrip,8.0,10,ablation.fr5Removed.crowdingSystemWideAccuracyPct,33.33333333333479,0.0
meanReportersPerTrip,8.0,10,ablation.fr6Removed.endToEndSuccessRatePct,96.9,2.2610496852153306
meanReportersPerTrip,8.0,10,ablation.fr8Removed.paratransitMatchRatePct,72.70666666666666,0.4446666111388721
meanReportersPerTrip,8.0,10,delta.fr1.itineraryFoundRatePct,6.033333333333333,5.500729469021177
meanReportersPerTrip,8.0,10,delta.fr2.itineraryFoundRatePct,33.233333333333334,2.434576039853172
meanReportersPerTrip,8.0,10,delta.fr5.crowdingSystemWideAccuracyPct,41.11111111110925,1.5798369452772287
meanReportersPerTrip,8.0,10,delta.fr6.endToEndSuccessRatePct,2.8333333333333313,2.092018931529192
meanReportersPerTrip,8.0,10,delta.fr8.paratransitMatchRatePct,21.943333333333335,0.4405524029591567
meanReportersPerTrip,8.0,10,network.servedStops,34.3,1.2516655570345725
meanReportersPerTrip,8.0,10,network.transferNodes,22.1,2.7264140062238043
meanReportersPerTrip,8.0,10,network.busRailInterchanges,11.3,2.5841396591085743
meanReportersPerTrip,8.0,10,network.overlappingRoutePairs,33.7,1.636391694484477
meanReportersPerTrip,8.0,10,network.routeKm,597.4330199243483,46.465501031825944
meanReportersPerTrip,8.0,10,network.meanInterStopKm,9.793983933186038,0.7617295251119005
meanReportersPerTrip,8.0,10,network.railShareOfFastestItineraryPct,55.787914122392465,7.491560490159642
meanReportersPerTrip,8.0,10,network.meanTransfersFastestItinerary,1.0379400398889072,0.08698291957039213
meanReportersPerTrip,8.0,10,reports.meanPerTrip,8.010266666666666,0.08608147160153813
randomSpamContributorFraction,0.05,10,existing.itineraryFoundRatePct,51.63333333333334,3.472822170391178
randomSpamContributorFraction,0.05,10,existing.endToEndSuccessRatePct,51.63333333333334,3.472822170391178
randomSpamContributorFraction,0.05,10,existing.meanAlternativesShown,1.0301670650954935,0.01905367379137688
randomSpamContributorFraction,0.05,10,existing.pctNeedingWholeTripParatransit,48.36666666666667,3.4728221703911784
randomSpamContributorFraction,0.05,10,existing.meanAbsEtaErrorMin,2.4910730982558418,0.043893887214359766
randomSpamContributorFraction,0.05,10,existing.crowdingKnownRatePct,0.0,0.0
randomSpamContributorFraction,0.05,10,existing.crowdingAccuracyWhenKnownPct,0.0,0.0
randomSpamContributorFraction,0.05,10,existing.crowdingSystemWideAccuracyPct,33.33333333333479,0.0
randomSpamContributorFraction,0.05,10,existing.paratransitMatchRatePct,0.0,0.0
randomSpamContributorFraction,0.05,10,proposed.itineraryFoundRatePct,96.9,2.2610496852153306
randomSpamContributorFraction,0.05,10,proposed.endToEndSuccessRatePct,99.73333333333333,0.3442651863295485
randomSpamContributorFraction,0.05,10,proposed.meanAlternativesShown,1.989761771751325,0.08940171060294438
randomSpamContributorFraction,0.05,10,proposed.pctNeedingWholeTripParatransit,3.1,2.2610496852153306
randomSpamContributorFraction,0.05,10,proposed.meanAbsEtaErrorMin,2.1235864107196263,0.048874292851698364
randomSpamContributorFraction,0.05,10,proposed.crowdingKnownRatePct,26.013333333333332,1.6178937687356296
randomSpamContributorFraction,0.05,10,proposed.crowdingAccuracyWhenKnownPct,84.21107948692347,0.9856574843763866
randomSpamContributorFraction,0.05,10,proposed.crowdingSystemWideAccuracyPct,46.57555555555486,0.957488713504304
randomSpamContributorFraction,0.05,10,proposed.paratransitMatchRatePct,94.65,0.4411684821353742
randomSpamContributorFraction,0.05,10,proposed.paratransitMeanWaitMin,6.555031027077918,0.09830959944198092
randomSpamContributorFraction,0.05,10,ablation.fr1Removed.itineraryFoundRatePct,90.86666666666667,5.343046710271972
randomSpamContributorFraction,0.05,10,ablation.fr2Removed.itineraryFoundRatePct,63.666666666666664,3.2470309324894364
randomSpamContributorFraction,0.05,10,ablation.fr5Removed.crowdingSystemWideAccuracyPct,33.33333333333479,0.0
randomSpamContributorFraction,0.05,10,ablation.fr6Removed.endToEndSuccessRatePct,96.9,2.2610496852153306
randomSpamContributorFraction,0.05,10,ablation.fr8Removed.paratransitMatchRatePct,72.70666666666666,0.4446666111388721
randomSpamContributorFraction,0.05,10,delta.fr1.itineraryFoundRatePct,6.033333333333333,5.500729469021177
randomSpamContributorFraction,0.05,10,delta.fr2.itineraryFoundRatePct,33.233333333333334,2.434576039853172
randomSpamContributorFraction,0.05,10,delta.fr5.crowdingSystemWideAccuracyPct,13.242222222220068,0.957488713504304
randomSpamContributorFraction,0.05,10,delta.fr6.endToEndSuccessRatePct,2.8333333333333313,2.092018931529192
randomSpamContributorFraction,0.05,10,delta.fr8.paratransitMatchRatePct,21.943333333333335,0.4405524029591567
randomSpamContributorFraction,0.05,10,network.servedStops,34.3,1.2516655570345725
randomSpamContributorFraction,0.05,10,network.transferNodes,22.1,2.7264140062238043
randomSpamContributorFraction,0.05,10,network.busRailInterchanges,11.3,2.5841396591085743
randomSpamContributorFraction,0.05,10,network.overlappingRoutePairs,33.7,1.636391694484477
randomSpamContributorFraction,0.05,10,network.routeKm,597.4330199243483,46.465501031825944
randomSpamContributorFraction,0.05,10,network.meanInterStopKm,9.793983933186038,0.7617295251119005
randomSpamContributorFraction,0.05,10,network.railShareOfFastestItineraryPct,55.787914122392465,7.491560490159642
randomSpamContributorFraction,0.05,10,network.meanTransfersFastestItinerary,1.0379400398889072,0.08698291957039213
randomSpamContributorFraction,0.05,10,reports.meanPerTrip,3.0054666666666665,0.03429868802155554
randomSpamContributorFraction,0.1,10,existing.itineraryFoundRatePct,51.63333333333334,3.472822170391178
randomSpamContributorFraction,0.1,10,existing.endToEndSuccessRatePct,51.63333333333334,3.472822170391178
randomSpamContributorFraction,0.1,10,existing.meanAlternativesShown,1.0301670650954935,0.01905367379137688
randomSpamContributorFraction,0.1,10,existing.pctNeedingWholeTripParatransit,48.36666666666667,3.4728221703911784
randomSpamContributorFraction,0.1,10,existing.meanAbsEtaErrorMin,2.4910730982558418,0.043893887214359766
randomSpamContributorFraction,0.1,10,existing.crowdingKnownRatePct,0.0,0.0
randomSpamContributorFraction,0.1,10,existing.crowdingAccuracyWhenKnownPct,0.0,0.0
randomSpamContributorFraction,0.1,10,existing.crowdingSystemWideAccuracyPct,33.33333333333479,0.0
randomSpamContributorFraction,0.1,10,existing.paratransitMatchRatePct,0.0,0.0
randomSpamContributorFraction,0.1,10,proposed.itineraryFoundRatePct,96.9,2.2610496852153306
randomSpamContributorFraction,0.1,10,proposed.endToEndSuccessRatePct,99.73333333333333,0.3442651863295485
randomSpamContributorFraction,0.1,10,proposed.meanAlternativesShown,1.989761771751325,0.08940171060294438
randomSpamContributorFraction,0.1,10,proposed.pctNeedingWholeTripParatransit,3.1,2.2610496852153306
randomSpamContributorFraction,0.1,10,proposed.meanAbsEtaErrorMin,2.1472222756610844,0.054702017001763845
randomSpamContributorFraction,0.1,10,proposed.crowdingKnownRatePct,24.496666666666666,0.9681916451449037
randomSpamContributorFraction,0.1,10,proposed.crowdingAccuracyWhenKnownPct,84.12495058748753,1.3426016301634658
randomSpamContributorFraction,0.1,10,proposed.crowdingSystemWideAccuracyPct,45.777777777777175,0.6434432410006671
randomSpamContributorFraction,0.1,10,proposed.paratransitMatchRatePct,94.65,0.4411684821353742
randomSpamContributorFraction,0.1,10,proposed.paratransitMeanWaitMin,6.555031027077918,0.09830959944198092
randomSpamContributorFraction,0.1,10,ablation.fr1Removed.itineraryFoundRatePct,90.86666666666667,5.343046710271972
randomSpamContributorFraction,0.1,10,ablation.fr2Removed.itineraryFoundRatePct,63.666666666666664,3.2470309324894364
randomSpamContributorFraction,0.1,10,ablation.fr5Removed.crowdingSystemWideAccuracyPct,33.33333333333479,0.0
randomSpamContributorFraction,0.1,10,ablation.fr6Removed.endToEndSuccessRatePct,96.9,2.2610496852153306
randomSpamContributorFraction,0.1,10,ablation.fr8Removed.paratransitMatchRatePct,72.70666666666666,0.4446666111388721
randomSpamContributorFraction,0.1,10,delta.fr1.itineraryFoundRatePct,6.033333333333333,5.500729469021177
randomSpamContributorFraction,0.1,10,delta.fr2.itineraryFoundRatePct,33.233333333333334,2.434576039853172
randomSpamContributorFraction,0.1,10,delta.fr5.crowdingSystemWideAccuracyPct,12.444444444442386,0.6434432410006672
randomSpamContributorFraction,0.1,10,delta.fr6.endToEndSuccessRatePct,2.8333333333333313,2.092018931529192
randomSpamContributorFraction,0.1,10,delta.fr8.paratransitMatchRatePct,21.943333333333335,0.4405524029591567
randomSpamContributorFraction,0.1,10,network.servedStops,34.3,1.2516655570345725
randomSpamContributorFraction,0.1,10,network.transferNodes,22.1,2.7264140062238043
randomSpamContributorFraction,0.1,10,network.busRailInterchanges,11.3,2.5841396591085743
randomSpamContributorFraction,0.1,10,network.overlappingRoutePairs,33.7,1.636391694484477
randomSpamContributorFraction,0.1,10,network.routeKm,597.4330199243483,46.465501031825944
randomSpamContributorFraction,0.1,10,network.meanInterStopKm,9.793983933186038,0.7617295251119005
randomSpamContributorFraction,0.1,10,network.railShareOfFastestItineraryPct,55.787914122392465,7.491560490159642
randomSpamContributorFraction,0.1,10,network.meanTransfersFastestItinerary,1.0379400398889072,0.08698291957039213
randomSpamContributorFraction,0.1,10,reports.meanPerTrip,2.9922333333333335,0.03612121226244553
randomSpamContributorFraction,0.2,10,existing.itineraryFoundRatePct,51.63333333333334,3.472822170391178
randomSpamContributorFraction,0.2,10,existing.endToEndSuccessRatePct,51.63333333333334,3.472822170391178
randomSpamContributorFraction,0.2,10,existing.meanAlternativesShown,1.0301670650954935,0.01905367379137688
randomSpamContributorFraction,0.2,10,existing.pctNeedingWholeTripParatransit,48.36666666666667,3.4728221703911784
randomSpamContributorFraction,0.2,10,existing.meanAbsEtaErrorMin,2.4910730982558418,0.043893887214359766
randomSpamContributorFraction,0.2,10,existing.crowdingKnownRatePct,0.0,0.0
randomSpamContributorFraction,0.2,10,existing.crowdingAccuracyWhenKnownPct,0.0,0.0
randomSpamContributorFraction,0.2,10,existing.crowdingSystemWideAccuracyPct,33.33333333333479,0.0
randomSpamContributorFraction,0.2,10,existing.paratransitMatchRatePct,0.0,0.0
randomSpamContributorFraction,0.2,10,proposed.itineraryFoundRatePct,96.9,2.2610496852153306
randomSpamContributorFraction,0.2,10,proposed.endToEndSuccessRatePct,99.73333333333333,0.3442651863295485
randomSpamContributorFraction,0.2,10,proposed.meanAlternativesShown,1.989761771751325,0.08940171060294438
randomSpamContributorFraction,0.2,10,proposed.pctNeedingWholeTripParatransit,3.1,2.2610496852153306
randomSpamContributorFraction,0.2,10,proposed.meanAbsEtaErrorMin,2.199342682102394,0.03752525831623795
randomSpamContributorFraction,0.2,10,proposed.crowdingKnownRatePct,22.009999999999998,1.000623262562013
randomSpamContributorFraction,0.2,10,proposed.crowdingAccuracyWhenKnownPct,81.41666040275051,1.5509968711246054
randomSpamContributorFraction,0.2,10,proposed.crowdingSystemWideAccuracyPct,43.9199999999996,0.6668477120423558
randomSpamContributorFraction,0.2,10,proposed.paratransitMatchRatePct,94.65,0.4411684821353742
randomSpamContributorFraction,0.2,10,proposed.paratransitMeanWaitMin,6.555031027077918,0.09830959944198092
randomSpamContributorFraction,0.2,10,ablation.fr1Removed.itineraryFoundRatePct,90.86666666666667,5.343046710271972
randomSpamContributorFraction,0.2,10,ablation.fr2Removed.itineraryFoundRatePct,63.666666666666664,3.2470309324894364
randomSpamContributorFraction,0.2,10,ablation.fr5Removed.crowdingSystemWideAccuracyPct,33.33333333333479,0.0
randomSpamContributorFraction,0.2,10,ablation.fr6Removed.endToEndSuccessRatePct,96.9,2.2610496852153306
randomSpamContributorFraction,0.2,10,ablation.fr8Removed.paratransitMatchRatePct,72.70666666666666,0.4446666111388721
randomSpamContributorFraction,0.2,10,delta.fr1.itineraryFoundRatePct,6.033333333333333,5.500729469021177
randomSpamContributorFraction,0.2,10,delta.fr2.itineraryFoundRatePct,33.233333333333334,2.434576039853172
randomSpamContributorFraction,0.2,10,delta.fr5.crowdingSystemWideAccuracyPct,10.586666666664803,0.6668477120423558
randomSpamContributorFraction,0.2,10,delta.fr6.endToEndSuccessRatePct,2.8333333333333313,2.092018931529192
randomSpamContributorFraction,0.2,10,delta.fr8.paratransitMatchRatePct,21.943333333333335,0.4405524029591567
randomSpamContributorFraction,0.2,10,network.servedStops,34.3,1.2516655570345725
randomSpamContributorFraction,0.2,10,network.transferNodes,22.1,2.7264140062238043
randomSpamContributorFraction,0.2,10,network.busRailInterchanges,11.3,2.5841396591085743
randomSpamContributorFraction,0.2,10,network.overlappingRoutePairs,33.7,1.636391694484477
randomSpamContributorFraction,0.2,10,network.routeKm,597.4330199243483,46.465501031825944
randomSpamContributorFraction,0.2,10,network.meanInterStopKm,9.793983933186038,0.7617295251119005
randomSpamContributorFraction,0.2,10,network.railShareOfFastestItineraryPct,55.787914122392465,7.491560490159642
randomSpamContributorFraction,0.2,10,network.meanTransfersFastestItinerary,1.0379400398889072,0.08698291957039213
randomSpamContributorFraction,0.2,10,reports.meanPerTrip,2.997533333333333,0.031197578253590267
randomSpamContributorFraction,0.3,10,existing.itineraryFoundRatePct,51.63333333333334,3.472822170391178
randomSpamContributorFraction,0.3,10,existing.endToEndSuccessRatePct,51.63333333333334,3.472822170391178
randomSpamContributorFraction,0.3,10,existing.meanAlternativesShown,1.0301670650954935,0.01905367379137688
randomSpamContributorFraction,0.3,10,existing.pctNeedingWholeTripParatransit,48.36666666666667,3.4728221703911784
randomSpamContributorFraction,0.3,10,existing.meanAbsEtaErrorMin,2.4910730982558418,0.043893887214359766
randomSpamContributorFraction,0.3,10,existing.crowdingKnownRatePct,0.0,0.0
randomSpamContributorFraction,0.3,10,existing.crowdingAccuracyWhenKnownPct,0.0,0.0
randomSpamContributorFraction,0.3,10,existing.crowdingSystemWideAccuracyPct,33.33333333333479,0.0
randomSpamContributorFraction,0.3,10,existing.paratransitMatchRatePct,0.0,0.0
randomSpamContributorFraction,0.3,10,proposed.itineraryFoundRatePct,96.9,2.2610496852153306
randomSpamContributorFraction,0.3,10,proposed.endToEndSuccessRatePct,99.73333333333333,0.3442651863295485
randomSpamContributorFraction,0.3,10,proposed.meanAlternativesShown,1.989761771751325,0.08940171060294438
randomSpamContributorFraction,0.3,10,proposed.pctNeedingWholeTripParatransit,3.1,2.2610496852153306
randomSpamContributorFraction,0.3,10,proposed.meanAbsEtaErrorMin,2.244902090236262,0.0636009136714665
randomSpamContributorFraction,0.3,10,proposed.crowdingKnownRatePct,19.37333333333333,1.1133089374129062
randomSpamContributorFraction,0.3,10,proposed.crowdingAccuracyWhenKnownPct,78.91461227283712,1.8287928917398955
randomSpamContributorFraction,0.3,10,proposed.crowdingSystemWideAccuracyPct,42.1655555555554,0.6510401090515063
randomSpamContributorFraction,0.3,10,proposed.paratransitMatchRatePct,94.65,0.4411684821353742
randomSpamContributorFraction,0.3,10,proposed.paratransitMeanWaitMin,6.555031027077918,0.09830959944198092
randomSpamContributorFraction,0.3,10,ablation.fr1Removed.itineraryFoundRatePct,90.86666666666667,5.343046710271972
randomSpamContributorFraction,0.3,10,ablation.fr2Removed.itineraryFoundRatePct,63.666666666666664,3.2470309324894364
randomSpamContributorFraction,0.3,10,ablation.fr5Removed.crowdingSystemWideAccuracyPct,33.33333333333479,0.0
randomSpamContributorFraction,0.3,10,ablation.fr6Removed.endToEndSuccessRatePct,96.9,2.2610496852153306
randomSpamContributorFraction,0.3,10,ablation.fr8Removed.paratransitMatchRatePct,72.70666666666666,0.4446666111388721
randomSpamContributorFraction,0.3,10,delta.fr1.itineraryFoundRatePct,6.033333333333333,5.500729469021177
randomSpamContributorFraction,0.3,10,delta.fr2.itineraryFoundRatePct,33.233333333333334,2.434576039853172
randomSpamContributorFraction,0.3,10,delta.fr5.crowdingSystemWideAccuracyPct,8.83222222222061,0.6510401090515063
randomSpamContributorFraction,0.3,10,delta.fr6.endToEndSuccessRatePct,2.8333333333333313,2.092018931529192
randomSpamContributorFraction,0.3,10,delta.fr8.paratransitMatchRatePct,21.943333333333335,0.4405524029591567
randomSpamContributorFraction,0.3,10,network.servedStops,34.3,1.2516655570345725
randomSpamContributorFraction,0.3,10,network.transferNodes,22.1,2.7264140062238043
randomSpamContributorFraction,0.3,10,network.busRailInterchanges,11.3,2.5841396591085743
randomSpamContributorFraction,0.3,10,network.overlappingRoutePairs,33.7,1.636391694484477
randomSpamContributorFraction,0.3,10,network.routeKm,597.4330199243483,46.465501031825944
randomSpamContributorFraction,0.3,10,network.meanInterStopKm,9.793983933186038,0.7617295251119005
randomSpamContributorFraction,0.3,10,network.railShareOfFastestItineraryPct,55.787914122392465,7.491560490159642
randomSpamContributorFraction,0.3,10,network.meanTransfersFastestItinerary,1.0379400398889072,0.08698291957039213
randomSpamContributorFraction,0.3,10,reports.meanPerTrip,3.0034,0.028400486867675132
randomSpamContributorFraction,0.5,10,existing.itineraryFoundRatePct,51.63333333333334,3.472822170391178
randomSpamContributorFraction,0.5,10,existing.endToEndSuccessRatePct,51.63333333333334,3.472822170391178
randomSpamContributorFraction,0.5,10,existing.meanAlternativesShown,1.0301670650954935,0.01905367379137688
randomSpamContributorFraction,0.5,10,existing.pctNeedingWholeTripParatransit,48.36666666666667,3.4728221703911784
randomSpamContributorFraction,0.5,10,existing.meanAbsEtaErrorMin,2.4910730982558418,0.043893887214359766
randomSpamContributorFraction,0.5,10,existing.crowdingKnownRatePct,0.0,0.0
randomSpamContributorFraction,0.5,10,existing.crowdingAccuracyWhenKnownPct,0.0,0.0
randomSpamContributorFraction,0.5,10,existing.crowdingSystemWideAccuracyPct,33.33333333333479,0.0
randomSpamContributorFraction,0.5,10,existing.paratransitMatchRatePct,0.0,0.0
randomSpamContributorFraction,0.5,10,proposed.itineraryFoundRatePct,96.9,2.2610496852153306
randomSpamContributorFraction,0.5,10,proposed.endToEndSuccessRatePct,99.73333333333333,0.3442651863295485
randomSpamContributorFraction,0.5,10,proposed.meanAlternativesShown,1.989761771751325,0.08940171060294438
randomSpamContributorFraction,0.5,10,proposed.pctNeedingWholeTripParatransit,3.1,2.2610496852153306
randomSpamContributorFraction,0.5,10,proposed.meanAbsEtaErrorMin,2.401278093179034,0.062474156886649694
randomSpamContributorFraction,0.5,10,proposed.crowdingKnownRatePct,13.103333333333333,1.3837192678956522
randomSpamContributorFraction,0.5,10,proposed.crowdingAccuracyWhenKnownPct,72.91151760673534,3.2113030508490747
randomSpamContributorFraction,0.5,10,proposed.crowdingSystemWideAccuracyPct,38.545555555555985,0.9173147727568468
randomSpamContributorFraction,0.5,10,proposed.paratransitMatchRatePct,94.65,0.4411684821353742
randomSpamContributorFraction,0.5,10,proposed.paratransitMeanWaitMin,6.555031027077918,0.09830959944198092
randomSpamContributorFraction,0.5,10,ablation.fr1Removed.itineraryFoundRatePct,90.86666666666667,5.343046710271972
randomSpamContributorFraction,0.5,10,ablation.fr2Removed.itineraryFoundRatePct,63.666666666666664,3.2470309324894364
randomSpamContributorFraction,0.5,10,ablation.fr5Removed.crowdingSystemWideAccuracyPct,33.33333333333479,0.0
randomSpamContributorFraction,0.5,10,ablation.fr6Removed.endToEndSuccessRatePct,96.9,2.2610496852153306
randomSpamContributorFraction,0.5,10,ablation.fr8Removed.paratransitMatchRatePct,72.70666666666666,0.4446666111388721
randomSpamContributorFraction,0.5,10,delta.fr1.itineraryFoundRatePct,6.033333333333333,5.500729469021177
randomSpamContributorFraction,0.5,10,delta.fr2.itineraryFoundRatePct,33.233333333333334,2.434576039853172
randomSpamContributorFraction,0.5,10,delta.fr5.crowdingSystemWideAccuracyPct,5.212222222221191,0.9173147727568468
randomSpamContributorFraction,0.5,10,delta.fr6.endToEndSuccessRatePct,2.8333333333333313,2.092018931529192
randomSpamContributorFraction,0.5,10,delta.fr8.paratransitMatchRatePct,21.943333333333335,0.4405524029591567
randomSpamContributorFraction,0.5,10,network.servedStops,34.3,1.2516655570345725
randomSpamContributorFraction,0.5,10,network.transferNodes,22.1,2.7264140062238043
randomSpamContributorFraction,0.5,10,network.busRailInterchanges,11.3,2.5841396591085743
randomSpamContributorFraction,0.5,10,network.overlappingRoutePairs,33.7,1.636391694484477
randomSpamContributorFraction,0.5,10,network.routeKm,597.4330199243483,46.465501031825944
randomSpamContributorFraction,0.5,10,network.meanInterStopKm,9.793983933186038,0.7617295251119005
randomSpamContributorFraction,0.5,10,network.railShareOfFastestItineraryPct,55.787914122392465,7.491560490159642
randomSpamContributorFraction,0.5,10,network.meanTransfersFastestItinerary,1.0379400398889072,0.08698291957039213
randomSpamContributorFraction,0.5,10,reports.meanPerTrip,2.996766666666667,0.03332816626618795
colludingSpamContributorFraction,0.05,10,existing.itineraryFoundRatePct,51.63333333333334,3.472822170391178
colludingSpamContributorFraction,0.05,10,existing.endToEndSuccessRatePct,51.63333333333334,3.472822170391178
colludingSpamContributorFraction,0.05,10,existing.meanAlternativesShown,1.0301670650954935,0.01905367379137688
colludingSpamContributorFraction,0.05,10,existing.pctNeedingWholeTripParatransit,48.36666666666667,3.4728221703911784
colludingSpamContributorFraction,0.05,10,existing.meanAbsEtaErrorMin,2.4910730982558418,0.043893887214359766
colludingSpamContributorFraction,0.05,10,existing.crowdingKnownRatePct,0.0,0.0
colludingSpamContributorFraction,0.05,10,existing.crowdingAccuracyWhenKnownPct,0.0,0.0
colludingSpamContributorFraction,0.05,10,existing.crowdingSystemWideAccuracyPct,33.33333333333479,0.0
colludingSpamContributorFraction,0.05,10,existing.paratransitMatchRatePct,0.0,0.0
colludingSpamContributorFraction,0.05,10,proposed.itineraryFoundRatePct,96.9,2.2610496852153306
colludingSpamContributorFraction,0.05,10,proposed.endToEndSuccessRatePct,99.73333333333333,0.3442651863295485
colludingSpamContributorFraction,0.05,10,proposed.meanAlternativesShown,1.989761771751325,0.08940171060294438
colludingSpamContributorFraction,0.05,10,proposed.pctNeedingWholeTripParatransit,3.1,2.2610496852153306
colludingSpamContributorFraction,0.05,10,proposed.meanAbsEtaErrorMin,2.1457818488780083,0.05051582467748316
colludingSpamContributorFraction,0.05,10,proposed.crowdingKnownRatePct,26.45,0.6008738492529441
colludingSpamContributorFraction,0.05,10,proposed.crowdingAccuracyWhenKnownPct,83.60833270434044,1.1001984660087973
colludingSpamContributorFraction,0.05,10,proposed.crowdingSystemWideAccuracyPct,46.629999999999356,0.37734361398841265
colludingSpamContributorFraction,0.05,10,proposed.paratransitMatchRatePct,94.65,0.4411684821353742
colludingSpamContributorFraction,0.05,10,proposed.paratransitMeanWaitMin,6.555031027077918,0.09830959944198092
colludingSpamContributorFraction,0.05,10,ablation.fr1Removed.itineraryFoundRatePct,90.86666666666667,5.343046710271972
colludingSpamContributorFraction,0.05,10,ablation.fr2Removed.itineraryFoundRatePct,63.666666666666664,3.2470309324894364
colludingSpamContributorFraction,0.05,10,ablation.fr5Removed.crowdingSystemWideAccuracyPct,33.33333333333479,0.0
colludingSpamContributorFraction,0.05,10,ablation.fr6Removed.endToEndSuccessRatePct,96.9,2.2610496852153306
colludingSpamContributorFraction,0.05,10,ablation.fr8Removed.paratransitMatchRatePct,72.70666666666666,0.4446666111388721
colludingSpamContributorFraction,0.05,10,delta.fr1.itineraryFoundRatePct,6.033333333333333,5.500729469021177
colludingSpamContributorFraction,0.05,10,delta.fr2.itineraryFoundRatePct,33.233333333333334,2.434576039853172
colludingSpamContributorFraction,0.05,10,delta.fr5.crowdingSystemWideAccuracyPct,13.29666666666456,0.37734361398841265
colludingSpamContributorFraction,0.05,10,delta.fr6.endToEndSuccessRatePct,2.8333333333333313,2.092018931529192
colludingSpamContributorFraction,0.05,10,delta.fr8.paratransitMatchRatePct,21.943333333333335,0.4405524029591567
colludingSpamContributorFraction,0.05,10,network.servedStops,34.3,1.2516655570345725
colludingSpamContributorFraction,0.05,10,network.transferNodes,22.1,2.7264140062238043
colludingSpamContributorFraction,0.05,10,network.busRailInterchanges,11.3,2.5841396591085743
colludingSpamContributorFraction,0.05,10,network.overlappingRoutePairs,33.7,1.636391694484477
colludingSpamContributorFraction,0.05,10,network.routeKm,597.4330199243483,46.465501031825944
colludingSpamContributorFraction,0.05,10,network.meanInterStopKm,9.793983933186038,0.7617295251119005
colludingSpamContributorFraction,0.05,10,network.railShareOfFastestItineraryPct,55.787914122392465,7.491560490159642
colludingSpamContributorFraction,0.05,10,network.meanTransfersFastestItinerary,1.0379400398889072,0.08698291957039213
colludingSpamContributorFraction,0.05,10,reports.meanPerTrip,2.9915,0.02830619615456555
colludingSpamContributorFraction,0.1,10,existing.itineraryFoundRatePct,51.63333333333334,3.472822170391178
colludingSpamContributorFraction,0.1,10,existing.endToEndSuccessRatePct,51.63333333333334,3.472822170391178
colludingSpamContributorFraction,0.1,10,existing.meanAlternativesShown,1.0301670650954935,0.01905367379137688
colludingSpamContributorFraction,0.1,10,existing.pctNeedingWholeTripParatransit,48.36666666666667,3.4728221703911784
colludingSpamContributorFraction,0.1,10,existing.meanAbsEtaErrorMin,2.4910730982558418,0.043893887214359766
colludingSpamContributorFraction,0.1,10,existing.crowdingKnownRatePct,0.0,0.0
colludingSpamContributorFraction,0.1,10,existing.crowdingAccuracyWhenKnownPct,0.0,0.0
colludingSpamContributorFraction,0.1,10,existing.crowdingSystemWideAccuracyPct,33.33333333333479,0.0
colludingSpamContributorFraction,0.1,10,existing.paratransitMatchRatePct,0.0,0.0
colludingSpamContributorFraction,0.1,10,proposed.itineraryFoundRatePct,96.9,2.2610496852153306
colludingSpamContributorFraction,0.1,10,proposed.endToEndSuccessRatePct,99.73333333333333,0.3442651863295485
colludingSpamContributorFraction,0.1,10,proposed.meanAlternativesShown,1.989761771751325,0.08940171060294438
colludingSpamContributorFraction,0.1,10,proposed.pctNeedingWholeTripParatransit,3.1,2.2610496852153306
colludingSpamContributorFraction,0.1,10,proposed.meanAbsEtaErrorMin,2.2154745652353167,0.0848935120820124
colludingSpamContributorFraction,0.1,10,proposed.crowdingKnownRatePct,25.473333333333333,1.1315672514015431
colludingSpamContributorFraction,0.1,10,proposed.crowdingAccuracyWhenKnownPct,83.2900804600105,0.9923244244897202
colludingSpamContributorFraction,0.1,10,proposed.crowdingSystemWideAccuracyPct,46.05555555555493,0.5382489518395098
colludingSpamContributorFraction,0.1,10,proposed.paratransitMatchRatePct,94.65,0.4411684821353742
colludingSpamContributorFraction,0.1,10,proposed.paratransitMeanWaitMin,6.555031027077918,0.09830959944198092
colludingSpamContributorFraction,0.1,10,ablation.fr1Removed.itineraryFoundRatePct,90.86666666666667,5.343046710271972
colludingSpamContributorFraction,0.1,10,ablation.fr2Removed.itineraryFoundRatePct,63.666666666666664,3.2470309324894364
colludingSpamContributorFraction,0.1,10,ablation.fr5Removed.crowdingSystemWideAccuracyPct,33.33333333333479,0.0
colludingSpamContributorFraction,0.1,10,ablation.fr6Removed.endToEndSuccessRatePct,96.9,2.2610496852153306
colludingSpamContributorFraction,0.1,10,ablation.fr8Removed.paratransitMatchRatePct,72.70666666666666,0.4446666111388721
colludingSpamContributorFraction,0.1,10,delta.fr1.itineraryFoundRatePct,6.033333333333333,5.500729469021177
colludingSpamContributorFraction,0.1,10,delta.fr2.itineraryFoundRatePct,33.233333333333334,2.434576039853172
colludingSpamContributorFraction,0.1,10,delta.fr5.crowdingSystemWideAccuracyPct,12.722222222220136,0.5382489518395098
colludingSpamContributorFraction,0.1,10,delta.fr6.endToEndSuccessRatePct,2.8333333333333313,2.092018931529192
colludingSpamContributorFraction,0.1,10,delta.fr8.paratransitMatchRatePct,21.943333333333335,0.4405524029591567
colludingSpamContributorFraction,0.1,10,network.servedStops,34.3,1.2516655570345725
colludingSpamContributorFraction,0.1,10,network.transferNodes,22.1,2.7264140062238043
colludingSpamContributorFraction,0.1,10,network.busRailInterchanges,11.3,2.5841396591085743
colludingSpamContributorFraction,0.1,10,network.overlappingRoutePairs,33.7,1.636391694484477
colludingSpamContributorFraction,0.1,10,network.routeKm,597.4330199243483,46.465501031825944
colludingSpamContributorFraction,0.1,10,network.meanInterStopKm,9.793983933186038,0.7617295251119005
colludingSpamContributorFraction,0.1,10,network.railShareOfFastestItineraryPct,55.787914122392465,7.491560490159642
colludingSpamContributorFraction,0.1,10,network.meanTransfersFastestItinerary,1.0379400398889072,0.08698291957039213
colludingSpamContributorFraction,0.1,10,reports.meanPerTrip,3.0035333333333334,0.04305844434753337
colludingSpamContributorFraction,0.2,10,existing.itineraryFoundRatePct,51.63333333333334,3.472822170391178
colludingSpamContributorFraction,0.2,10,existing.endToEndSuccessRatePct,51.63333333333334,3.472822170391178
colludingSpamContributorFraction,0.2,10,existing.meanAlternativesShown,1.0301670650954935,0.01905367379137688
colludingSpamContributorFraction,0.2,10,existing.pctNeedingWholeTripParatransit,48.36666666666667,3.4728221703911784
colludingSpamContributorFraction,0.2,10,existing.meanAbsEtaErrorMin,2.4910730982558418,0.043893887214359766
colludingSpamContributorFraction,0.2,10,existing.crowdingKnownRatePct,0.0,0.0
colludingSpamContributorFraction,0.2,10,existing.crowdingAccuracyWhenKnownPct,0.0,0.0
colludingSpamContributorFraction,0.2,10,existing.crowdingSystemWideAccuracyPct,33.33333333333479,0.0
colludingSpamContributorFraction,0.2,10,existing.paratransitMatchRatePct,0.0,0.0
colludingSpamContributorFraction,0.2,10,proposed.itineraryFoundRatePct,96.9,2.2610496852153306
colludingSpamContributorFraction,0.2,10,proposed.endToEndSuccessRatePct,99.73333333333333,0.3442651863295485
colludingSpamContributorFraction,0.2,10,proposed.meanAlternativesShown,1.989761771751325,0.08940171060294438
colludingSpamContributorFraction,0.2,10,proposed.pctNeedingWholeTripParatransit,3.1,2.2610496852153306
colludingSpamContributorFraction,0.2,10,proposed.meanAbsEtaErrorMin,2.499470781844933,0.13480904799481355
colludingSpamContributorFraction,0.2,10,proposed.crowdingKnownRatePct,23.61,0.9200174448158199
colludingSpamContributorFraction,0.2,10,proposed.crowdingAccuracyWhenKnownPct,78.40404321389103,3.1550814196440333
colludingSpamContributorFraction,0.2,10,proposed.crowdingSystemWideAccuracyPct,43.99333333333298,1.0926515991597827
colludingSpamContributorFraction,0.2,10,proposed.paratransitMatchRatePct,94.65,0.4411684821353742
colludingSpamContributorFraction,0.2,10,proposed.paratransitMeanWaitMin,6.555031027077918,0.09830959944198092
colludingSpamContributorFraction,0.2,10,ablation.fr1Removed.itineraryFoundRatePct,90.86666666666667,5.343046710271972
colludingSpamContributorFraction,0.2,10,ablation.fr2Removed.itineraryFoundRatePct,63.666666666666664,3.2470309324894364
colludingSpamContributorFraction,0.2,10,ablation.fr5Removed.crowdingSystemWideAccuracyPct,33.33333333333479,0.0
colludingSpamContributorFraction,0.2,10,ablation.fr6Removed.endToEndSuccessRatePct,96.9,2.2610496852153306
colludingSpamContributorFraction,0.2,10,ablation.fr8Removed.paratransitMatchRatePct,72.70666666666666,0.4446666111388721
colludingSpamContributorFraction,0.2,10,delta.fr1.itineraryFoundRatePct,6.033333333333333,5.500729469021177
colludingSpamContributorFraction,0.2,10,delta.fr2.itineraryFoundRatePct,33.233333333333334,2.434576039853172
colludingSpamContributorFraction,0.2,10,delta.fr5.crowdingSystemWideAccuracyPct,10.659999999998181,1.0926515991597827
colludingSpamContributorFraction,0.2,10,delta.fr6.endToEndSuccessRatePct,2.8333333333333313,2.092018931529192
colludingSpamContributorFraction,0.2,10,delta.fr8.paratransitMatchRatePct,21.943333333333335,0.4405524029591567
colludingSpamContributorFraction,0.2,10,network.servedStops,34.3,1.2516655570345725
colludingSpamContributorFraction,0.2,10,network.transferNodes,22.1,2.7264140062238043
colludingSpamContributorFraction,0.2,10,network.busRailInterchanges,11.3,2.5841396591085743
colludingSpamContributorFraction,0.2,10,network.overlappingRoutePairs,33.7,1.636391694484477
colludingSpamContributorFraction,0.2,10,network.routeKm,597.4330199243483,46.465501031825944
colludingSpamContributorFraction,0.2,10,network.meanInterStopKm,9.793983933186038,0.7617295251119005
colludingSpamContributorFraction,0.2,10,network.railShareOfFastestItineraryPct,55.787914122392465,7.491560490159642
colludingSpamContributorFraction,0.2,10,network.meanTransfersFastestItinerary,1.0379400398889072,0.08698291957039213
colludingSpamContributorFraction,0.2,10,reports.meanPerTrip,2.9892,0.021673332308007727
colludingSpamContributorFraction,0.3,10,existing.itineraryFoundRatePct,51.63333333333334,3.472822170391178
colludingSpamContributorFraction,0.3,10,existing.endToEndSuccessRatePct,51.63333333333334,3.472822170391178
colludingSpamContributorFraction,0.3,10,existing.meanAlternativesShown,1.0301670650954935,0.01905367379137688
colludingSpamContributorFraction,0.3,10,existing.pctNeedingWholeTripParatransit,48.36666666666667,3.4728221703911784
colludingSpamContributorFraction,0.3,10,existing.meanAbsEtaErrorMin,2.4910730982558418,0.043893887214359766
colludingSpamContributorFraction,0.3,10,existing.crowdingKnownRatePct,0.0,0.0
colludingSpamContributorFraction,0.3,10,existing.crowdingAccuracyWhenKnownPct,0.0,0.0
colludingSpamContributorFraction,0.3,10,existing.crowdingSystemWideAccuracyPct,33.33333333333479,0.0
colludingSpamContributorFraction,0.3,10,existing.paratransitMatchRatePct,0.0,0.0
colludingSpamContributorFraction,0.3,10,proposed.itineraryFoundRatePct,96.9,2.2610496852153306
colludingSpamContributorFraction,0.3,10,proposed.endToEndSuccessRatePct,99.73333333333333,0.3442651863295485
colludingSpamContributorFraction,0.3,10,proposed.meanAlternativesShown,1.989761771751325,0.08940171060294438
colludingSpamContributorFraction,0.3,10,proposed.pctNeedingWholeTripParatransit,3.1,2.2610496852153306
colludingSpamContributorFraction,0.3,10,proposed.meanAbsEtaErrorMin,3.0530880912605483,0.23271392001791233
colludingSpamContributorFraction,0.3,10,proposed.crowdingKnownRatePct,22.063333333333333,0.9152278269964491
colludingSpamContributorFraction,0.3,10,proposed.crowdingAccuracyWhenKnownPct,70.11911232534715,4.300088418060695
colludingSpamContributorFraction,0.3,10,proposed.crowdingSystemWideAccuracyPct,41.46555555555552,1.1842525265494968
colludingSpamContributorFraction,0.3,10,proposed.paratransitMatchRatePct,94.65,0.4411684821353742
colludingSpamContributorFraction,0.3,10,proposed.paratransitMeanWaitMin,6.555031027077918,0.09830959944198092
colludingSpamContributorFraction,0.3,10,ablation.fr1Removed.itineraryFoundRatePct,90.86666666666667,5.343046710271972
colludingSpamContributorFraction,0.3,10,ablation.fr2Removed.itineraryFoundRatePct,63.666666666666664,3.2470309324894364
colludingSpamContributorFraction,0.3,10,ablation.fr5Removed.crowdingSystemWideAccuracyPct,33.33333333333479,0.0
colludingSpamContributorFraction,0.3,10,ablation.fr6Removed.endToEndSuccessRatePct,96.9,2.2610496852153306
colludingSpamContributorFraction,0.3,10,ablation.fr8Removed.paratransitMatchRatePct,72.70666666666666,0.4446666111388721
colludingSpamContributorFraction,0.3,10,delta.fr1.itineraryFoundRatePct,6.033333333333333,5.500729469021177
colludingSpamContributorFraction,0.3,10,delta.fr2.itineraryFoundRatePct,33.233333333333334,2.434576039853172
colludingSpamContributorFraction,0.3,10,delta.fr5.crowdingSystemWideAccuracyPct,8.132222222220726,1.1842525265494968
colludingSpamContributorFraction,0.3,10,delta.fr6.endToEndSuccessRatePct,2.8333333333333313,2.092018931529192
colludingSpamContributorFraction,0.3,10,delta.fr8.paratransitMatchRatePct,21.943333333333335,0.4405524029591567
colludingSpamContributorFraction,0.3,10,network.servedStops,34.3,1.2516655570345725
colludingSpamContributorFraction,0.3,10,network.transferNodes,22.1,2.7264140062238043
colludingSpamContributorFraction,0.3,10,network.busRailInterchanges,11.3,2.5841396591085743
colludingSpamContributorFraction,0.3,10,network.overlappingRoutePairs,33.7,1.636391694484477
colludingSpamContributorFraction,0.3,10,network.routeKm,597.4330199243483,46.465501031825944
colludingSpamContributorFraction,0.3,10,network.meanInterStopKm,9.793983933186038,0.7617295251119005
colludingSpamContributorFraction,0.3,10,network.railShareOfFastestItineraryPct,55.787914122392465,7.491560490159642
colludingSpamContributorFraction,0.3,10,network.meanTransfersFastestItinerary,1.0379400398889072,0.08698291957039213
colludingSpamContributorFraction,0.3,10,reports.meanPerTrip,3.007966666666667,0.022539649564026848
colludingSpamContributorFraction,0.5,10,existing.itineraryFoundRatePct,51.63333333333334,3.472822170391178
colludingSpamContributorFraction,0.5,10,existing.endToEndSuccessRatePct,51.63333333333334,3.472822170391178
colludingSpamContributorFraction,0.5,10,existing.meanAlternativesShown,1.0301670650954935,0.01905367379137688
colludingSpamContributorFraction,0.5,10,existing.pctNeedingWholeTripParatransit,48.36666666666667,3.4728221703911784
colludingSpamContributorFraction,0.5,10,existing.meanAbsEtaErrorMin,2.4910730982558418,0.043893887214359766
colludingSpamContributorFraction,0.5,10,existing.crowdingKnownRatePct,0.0,0.0
colludingSpamContributorFraction,0.5,10,existing.crowdingAccuracyWhenKnownPct,0.0,0.0
colludingSpamContributorFraction,0.5,10,existing.crowdingSystemWideAccuracyPct,33.33333333333479,0.0
colludingSpamContributorFraction,0.5,10,existing.paratransitMatchRatePct,0.0,0.0
colludingSpamContributorFraction,0.5,10,proposed.itineraryFoundRatePct,96.9,2.2610496852153306
colludingSpamContributorFraction,0.5,10,proposed.endToEndSuccessRatePct,99.73333333333333,0.3442651863295485
colludingSpamContributorFraction,0.5,10,proposed.meanAlternativesShown,1.989761771751325,0.08940171060294438
colludingSpamContributorFraction,0.5,10,proposed.pctNeedingWholeTripParatransit,3.1,2.2610496852153306
colludingSpamContributorFraction,0.5,10,proposed.meanAbsEtaErrorMin,5.039925793641917,0.3692310408608475
colludingSpamContributorFraction,0.5,10,proposed.crowdingKnownRatePct,23.583333333333336,0.924194677797451
colludingSpamContributorFraction,0.5,10,proposed.crowdingAccuracyWhenKnownPct,43.37124161737096,3.4774356839781855
colludingSpamContributorFraction,0.5,10,proposed.crowdingSystemWideAccuracyPct,35.69222222222308,0.8163798102064848
colludingSpamContributorFraction,0.5,10,proposed.paratransitMatchRatePct,94.65,0.4411684821353742
colludingSpamContributorFraction,0.5,10,proposed.paratransitMeanWaitMin,6.555031027077918,0.09830959944198092
colludingSpamContributorFraction,0.5,10,ablation.fr1Removed.itineraryFoundRatePct,90.86666666666667,5.343046710271972
colludingSpamContributorFraction,0.5,10,ablation.fr2Removed.itineraryFoundRatePct,63.666666666666664,3.2470309324894364
colludingSpamContributorFraction,0.5,10,ablation.fr5Removed.crowdingSystemWideAccuracyPct,33.33333333333479,0.0
colludingSpamContributorFraction,0.5,10,ablation.fr6Removed.endToEndSuccessRatePct,96.9,2.2610496852153306
colludingSpamContributorFraction,0.5,10,ablation.fr8Removed.paratransitMatchRatePct,72.70666666666666,0.4446666111388721
colludingSpamContributorFraction,0.5,10,delta.fr1.itineraryFoundRatePct,6.033333333333333,5.500729469021177
colludingSpamContributorFraction,0.5,10,delta.fr2.itineraryFoundRatePct,33.233333333333334,2.434576039853172
colludingSpamContributorFraction,0.5,10,delta.fr5.crowdingSystemWideAccuracyPct,2.358888888888287,0.8163798102064849
colludingSpamContributorFraction,0.5,10,delta.fr6.endToEndSuccessRatePct,2.8333333333333313,2.092018931529192
colludingSpamContributorFraction,0.5,10,delta.fr8.paratransitMatchRatePct,21.943333333333335,0.4405524029591567
colludingSpamContributorFraction,0.5,10,network.servedStops,34.3,1.2516655570345725
colludingSpamContributorFraction,0.5,10,network.transferNodes,22.1,2.7264140062238043
colludingSpamContributorFraction,0.5,10,network.busRailInterchanges,11.3,2.5841396591085743
colludingSpamContributorFraction,0.5,10,network.overlappingRoutePairs,33.7,1.636391694484477
colludingSpamContributorFraction,0.5,10,network.routeKm,597.4330199243483,46.465501031825944
colludingSpamContributorFraction,0.5,10,network.meanInterStopKm,9.793983933186038,0.7617295251119005
colludingSpamContributorFraction,0.5,10,network.railShareOfFastestItineraryPct,55.787914122392465,7.491560490159642
colludingSpamContributorFraction,0.5,10,network.meanTransfersFastestItinerary,1.0379400398889072,0.08698291957039213
colludingSpamContributorFraction,0.5,10,reports.meanPerTrip,3.008966666666667,0.03472198222139274
driverRateMultiplier,0.5,10,existing.itineraryFoundRatePct,51.63333333333334,3.472822170391178
driverRateMultiplier,0.5,10,existing.endToEndSuccessRatePct,51.63333333333334,3.472822170391178
driverRateMultiplier,0.5,10,existing.meanAlternativesShown,1.0301670650954935,0.01905367379137688
driverRateMultiplier,0.5,10,existing.pctNeedingWholeTripParatransit,48.36666666666667,3.4728221703911784
driverRateMultiplier,0.5,10,existing.meanAbsEtaErrorMin,2.4910730982558418,0.043893887214359766
driverRateMultiplier,0.5,10,existing.crowdingKnownRatePct,0.0,0.0
driverRateMultiplier,0.5,10,existing.crowdingAccuracyWhenKnownPct,0.0,0.0
driverRateMultiplier,0.5,10,existing.crowdingSystemWideAccuracyPct,33.33333333333479,0.0
driverRateMultiplier,0.5,10,existing.paratransitMatchRatePct,0.0,0.0
driverRateMultiplier,0.5,10,proposed.itineraryFoundRatePct,96.9,2.2610496852153306
driverRateMultiplier,0.5,10,proposed.endToEndSuccessRatePct,99.6,0.4661372658534002
driverRateMultiplier,0.5,10,proposed.meanAlternativesShown,1.9957225546026827,0.08861740058232835
driverRateMultiplier,0.5,10,proposed.pctNeedingWholeTripParatransit,3.1,2.2610496852153306
driverRateMultiplier,0.5,10,proposed.meanAbsEtaErrorMin,2.1235864107196263,0.048874292851698364
driverRateMultiplier,0.5,10,proposed.crowdingKnownRatePct,26.013333333333332,1.6178937687356296
driverRateMultiplier,0.5,10,proposed.crowdingAccuracyWhenKnownPct,84.21107948692347,0.9856574843763866
driverRateMultiplier,0.5,10,proposed.crowdingSystemWideAccuracyPct,46.57555555555486,0.957488713504304
driverRateMultiplier,0.5,10,proposed.paratransitMatchRatePct,80.44666666666667,0.960992285525494
driverRateMultiplier,0.5,10,proposed.paratransitMeanWaitMin,8.959015059581688,0.09842236977563477
driverRateMultiplier,0.5,10,ablation.fr1Removed.itineraryFoundRatePct,90.86666666666667,5.343046710271972
driverRateMultiplier,0.5,10,ablation.fr2Removed.itineraryFoundRatePct,63.666666666666664,3.2470309324894364
driverRateMultiplier,0.5,10,ablation.fr5Removed.crowdingSystemWideAccuracyPct,33.33333333333479,0.0
driverRateMultiplier,0.5,10,ablation.fr6Removed.endToEndSuccessRatePct,96.9,2.2610496852153306
driverRateMultiplier,0.5,10,ablation.fr8Removed.paratransitMatchRatePct,50.75333333333333,0.9531235200352804
driverRateMultiplier,0.5,10,delta.fr1.itineraryFoundRatePct,6.033333333333333,5.500729469021177
driverRateMultiplier,0.5,10,delta.fr2.itineraryFoundRatePct,33.233333333333334,2.434576039853172
driverRateMultiplier,0.5,10,delta.fr5.crowdingSystemWideAccuracyPct,13.242222222220068,0.957488713504304
driverRateMultiplier,0.5,10,delta.fr6.endToEndSuccessRatePct,2.6999999999999984,2.0990885735257034
driverRateMultiplier,0.5,10,delta.fr8.paratransitMatchRatePct,29.693333333333335,1.123684415957914
driverRateMultiplier,0.5,10,network.servedStops,34.3,1.2516655570345725
driverRateMultiplier,0.5,10,network.transferNodes,22.1,2.7264140062238043
driverRateMultiplier,0.5,10,network.busRailInterchanges,11.3,2.5841396591085743
driverRateMultiplier,0.5,10,network.overlappingRoutePairs,33.7,1.636391694484477
driverRateMultiplier,0.5,10,network.routeKm,597.4330199243483,46.465501031825944
driverRateMultiplier,0.5,10,network.meanInterStopKm,9.793983933186038,0.7617295251119005
driverRateMultiplier,0.5,10,network.railShareOfFastestItineraryPct,55.787914122392465,7.491560490159642
driverRateMultiplier,0.5,10,network.meanTransfersFastestItinerary,1.0379400398889072,0.08698291957039213
driverRateMultiplier,0.5,10,reports.meanPerTrip,3.0054666666666665,0.03429868802155554
driverRateMultiplier,0.75,10,existing.itineraryFoundRatePct,51.63333333333334,3.472822170391178
driverRateMultiplier,0.75,10,existing.endToEndSuccessRatePct,51.63333333333334,3.472822170391178
driverRateMultiplier,0.75,10,existing.meanAlternativesShown,1.0301670650954935,0.01905367379137688
driverRateMultiplier,0.75,10,existing.pctNeedingWholeTripParatransit,48.36666666666667,3.4728221703911784
driverRateMultiplier,0.75,10,existing.meanAbsEtaErrorMin,2.4910730982558418,0.043893887214359766
driverRateMultiplier,0.75,10,existing.crowdingKnownRatePct,0.0,0.0
driverRateMultiplier,0.75,10,existing.crowdingAccuracyWhenKnownPct,0.0,0.0
driverRateMultiplier,0.75,10,existing.crowdingSystemWideAccuracyPct,33.33333333333479,0.0
driverRateMultiplier,0.75,10,existing.paratransitMatchRatePct,0.0,0.0
driverRateMultiplier,0.75,10,proposed.itineraryFoundRatePct,96.9,2.2610496852153306
driverRateMultiplier,0.75,10,proposed.endToEndSuccessRatePct,99.66666666666667,0.31426968052735504
driverRateMultiplier,0.75,10,proposed.meanAlternativesShown,1.992001330955815,0.09486654192221967
driverRateMultiplier,0.75,10,proposed.pctNeedingWholeTripParatransit,3.1,2.2610496852153306
driverRateMultiplier,0.75,10,proposed.meanAbsEtaErrorMin,2.1235864107196263,0.048874292851698364
driverRateMultiplier,0.75,10,proposed.crowdingKnownRatePct,26.013333333333332,1.6178937687356296
driverRateMultiplier,0.75,10,proposed.crowdingAccuracyWhenKnownPct,84.21107948692347,0.9856574843763866
driverRateMultiplier,0.75,10,proposed.crowdingSystemWideAccuracyPct,46.57555555555486,0.957488713504304
driverRateMultiplier,0.75,10,proposed.paratransitMatchRatePct,89.8,0.39063101847215287
driverRateMultiplier,0.75,10,proposed.paratransitMeanWaitMin,7.62669578629888,0.10931060745642862
driverRateMultiplier,0.75,10,ablation.fr1Removed.itineraryFoundRatePct,90.86666666666667,5.343046710271972
driverRateMultiplier,0.75,10,ablation.fr2Removed.itineraryFoundRatePct,63.666666666666664,3.2470309324894364
driverRateMultiplier,0.75,10,ablation.fr5Removed.crowdingSystemWideAccuracyPct,33.33333333333479,0.0
driverRateMultiplier,0.75,10,ablation.fr6Removed.endToEndSuccessRatePct,96.9,2.2610496852153306
driverRateMultiplier,0.75,10,ablation.fr8Removed.paratransitMatchRatePct,64.01666666666668,0.8829314249898271
driverRateMultiplier,0.75,10,delta.fr1.itineraryFoundRatePct,6.033333333333333,5.500729469021177
driverRateMultiplier,0.75,10,delta.fr2.itineraryFoundRatePct,33.233333333333334,2.434576039853172
driverRateMultiplier,0.75,10,delta.fr5.crowdingSystemWideAccuracyPct,13.242222222220068,0.957488713504304
driverRateMultiplier,0.75,10,delta.fr6.endToEndSuccessRatePct,2.7666666666666657,2.096734674749358
driverRateMultiplier,0.75,10,delta.fr8.paratransitMatchRatePct,25.78333333333333,0.7099382689213286
driverRateMultiplier,0.75,10,network.servedStops,34.3,1.2516655570345725
driverRateMultiplier,0.75,10,network.transferNodes,22.1,2.7264140062238043
driverRateMultiplier,0.75,10,network.busRailInterchanges,11.3,2.5841396591085743
driverRateMultiplier,0.75,10,network.overlappingRoutePairs,33.7,1.636391694484477
driverRateMultiplier,0.75,10,network.routeKm,597.4330199243483,46.465501031825944
driverRateMultiplier,0.75,10,network.meanInterStopKm,9.793983933186038,0.7617295251119005
driverRateMultiplier,0.75,10,network.railShareOfFastestItineraryPct,55.787914122392465,7.491560490159642
driverRateMultiplier,0.75,10,network.meanTransfersFastestItinerary,1.0379400398889072,0.08698291957039213
driverRateMultiplier,0.75,10,reports.meanPerTrip,3.0054666666666665,0.03429868802155554
driverRateMultiplier,1.0,10,existing.itineraryFoundRatePct,51.63333333333334,3.472822170391178
driverRateMultiplier,1.0,10,existing.endToEndSuccessRatePct,51.63333333333334,3.472822170391178
driverRateMultiplier,1.0,10,existing.meanAlternativesShown,1.0301670650954935,0.01905367379137688
driverRateMultiplier,1.0,10,existing.pctNeedingWholeTripParatransit,48.36666666666667,3.4728221703911784
driverRateMultiplier,1.0,10,existing.meanAbsEtaErrorMin,2.4910730982558418,0.043893887214359766
driverRateMultiplier,1.0,10,existing.crowdingKnownRatePct,0.0,0.0
driverRateMultiplier,1.0,10,existing.crowdingAccuracyWhenKnownPct,0.0,0.0
driverRateMultiplier,1.0,10,existing.crowdingSystemWideAccuracyPct,33.33333333333479,0.0
driverRateMultiplier,1.0,10,existing.paratransitMatchRatePct,0.0,0.0
driverRateMultiplier,1.0,10,proposed.itineraryFoundRatePct,96.9,2.2610496852153306
driverRateMultiplier,1.0,10,proposed.endToEndSuccessRatePct,99.73333333333333,0.3442651863295485
driverRateMultiplier,1.0,10,proposed.meanAlternativesShown,1.989761771751325,0.08940171060294438
driverRateMultiplier,1.0,10,proposed.pctNeedingWholeTripParatransit,3.1,2.2610496852153306
driverRateMultiplier,1.0,10,proposed.meanAbsEtaErrorMin,2.1235864107196263,0.048874292851698364
driverRateMultiplier,1.0,10,proposed.crowdingKnownRatePct,26.013333333333332,1.6178937687356296
driverRateMultiplier,1.0,10,proposed.crowdingAccuracyWhenKnownPct,84.21107948692347,0.9856574843763866
driverRateMultiplier,1.0,10,proposed.crowdingSystemWideAccuracyPct,46.57555555555486,0.957488713504304
driverRateMultiplier,1.0,10,proposed.paratransitMatchRatePct,94.65,0.4411684821353742
driverRateMultiplier,1.0,10,proposed.paratransitMeanWaitMin,6.555031027077918,0.09830959944198092
driverRateMultiplier,1.0,10,ablation.fr1Removed.itineraryFoundRatePct,90.86666666666667,5.343046710271972
driverRateMultiplier,1.0,10,ablation.fr2Removed.itineraryFoundRatePct,63.666666666666664,3.2470309324894364
driverRateMultiplier,1.0,10,ablation.fr5Removed.crowdingSystemWideAccuracyPct,33.33333333333479,0.0
driverRateMultiplier,1.0,10,ablation.fr6Removed.endToEndSuccessRatePct,96.9,2.2610496852153306
driverRateMultiplier,1.0,10,ablation.fr8Removed.paratransitMatchRatePct,72.70666666666666,0.4446666111388721
driverRateMultiplier,1.0,10,delta.fr1.itineraryFoundRatePct,6.033333333333333,5.500729469021177
driverRateMultiplier,1.0,10,delta.fr2.itineraryFoundRatePct,33.233333333333334,2.434576039853172
driverRateMultiplier,1.0,10,delta.fr5.crowdingSystemWideAccuracyPct,13.242222222220068,0.957488713504304
driverRateMultiplier,1.0,10,delta.fr6.endToEndSuccessRatePct,2.8333333333333313,2.092018931529192
driverRateMultiplier,1.0,10,delta.fr8.paratransitMatchRatePct,21.943333333333335,0.4405524029591567
driverRateMultiplier,1.0,10,network.servedStops,34.3,1.2516655570345725
driverRateMultiplier,1.0,10,network.transferNodes,22.1,2.7264140062238043
driverRateMultiplier,1.0,10,network.busRailInterchanges,11.3,2.5841396591085743
driverRateMultiplier,1.0,10,network.overlappingRoutePairs,33.7,1.636391694484477
driverRateMultiplier,1.0,10,network.routeKm,597.4330199243483,46.465501031825944
driverRateMultiplier,1.0,10,network.meanInterStopKm,9.793983933186038,0.7617295251119005
driverRateMultiplier,1.0,10,network.railShareOfFastestItineraryPct,55.787914122392465,7.491560490159642
driverRateMultiplier,1.0,10,network.meanTransfersFastestItinerary,1.0379400398889072,0.08698291957039213
driverRateMultiplier,1.0,10,reports.meanPerTrip,3.0054666666666665,0.03429868802155554
driverRateMultiplier,1.5,10,existing.itineraryFoundRatePct,51.63333333333334,3.472822170391178
driverRateMultiplier,1.5,10,existing.endToEndSuccessRatePct,51.63333333333334,3.472822170391178
driverRateMultiplier,1.5,10,existing.meanAlternativesShown,1.0301670650954935,0.01905367379137688
driverRateMultiplier,1.5,10,existing.pctNeedingWholeTripParatransit,48.36666666666667,3.4728221703911784
driverRateMultiplier,1.5,10,existing.meanAbsEtaErrorMin,2.4910730982558418,0.043893887214359766
driverRateMultiplier,1.5,10,existing.crowdingKnownRatePct,0.0,0.0
driverRateMultiplier,1.5,10,existing.crowdingAccuracyWhenKnownPct,0.0,0.0
driverRateMultiplier,1.5,10,existing.crowdingSystemWideAccuracyPct,33.33333333333479,0.0
driverRateMultiplier,1.5,10,existing.paratransitMatchRatePct,0.0,0.0
driverRateMultiplier,1.5,10,proposed.itineraryFoundRatePct,96.9,2.2610496852153306
driverRateMultiplier,1.5,10,proposed.endToEndSuccessRatePct,99.96666666666667,0.10540925533894448
driverRateMultiplier,1.5,10,proposed.meanAlternativesShown,1.9912074265576685,0.08786170875516958
driverRateMultiplier,1.5,10,proposed.pctNeedingWholeTripParatransit,3.1,2.2610496852153306
driverRateMultiplier,1.5,10,proposed.meanAbsEtaErrorMin,2.1235864107196263,0.048874292851698364
driverRateMultiplier,1.5,10,proposed.crowdingKnownRatePct,26.013333333333332,1.6178937687356296
driverRateMultiplier,1.5,10,proposed.crowdingAccuracyWhenKnownPct,84.21107948692347,0.9856574843763866
driverRateMultiplier,1.5,10,proposed.crowdingSystemWideAccuracyPct,46.57555555555486,0.957488713504304
driverRateMultiplier,1.5,10,proposed.paratransitMatchRatePct,98.49333333333333,0.23454710759038028
driverRateMultiplier,1.5,10,proposed.paratransitMeanWaitMin,4.99214248617005,0.07035147275257424
driverRateMultiplier,1.5,10,ablation.fr1Removed.itineraryFoundRatePct,90.86666666666667,5.343046710271972
driverRateMultiplier,1.5,10,ablation.fr2Removed.itineraryFoundRatePct,63.666666666666664,3.2470309324894364
driverRateMultiplier,1.5,10,ablation.fr5Removed.crowdingSystemWideAccuracyPct,33.33333333333479,0.0
driverRateMultiplier,1.5,10,ablation.fr6Removed.endToEndSuccessRatePct,96.9,2.2610496852153306
driverRateMultiplier,1.5,10,ablation.fr8Removed.paratransitMatchRatePct,83.81666666666668,0.6084284552724225
driverRateMultiplier,1.5,10,delta.fr1.itineraryFoundRatePct,6.033333333333333,5.500729469021177
driverRateMultiplier,1.5,10,delta.fr2.itineraryFoundRatePct,33.233333333333334,2.434576039853172
driverRateMultiplier,1.5,10,delta.fr5.crowdingSystemWideAccuracyPct,13.242222222220068,0.957488713504304
driverRateMultiplier,1.5,10,delta.fr6.endToEndSuccessRatePct,3.066666666666664,2.164814022748011
driverRateMultiplier,1.5,10,delta.fr8.paratransitMatchRatePct,14.676666666666659,0.47946729699624985
driverRateMultiplier,1.5,10,network.servedStops,34.3,1.2516655570345725
driverRateMultiplier,1.5,10,network.transferNodes,22.1,2.7264140062238043
driverRateMultiplier,1.5,10,network.busRailInterchanges,11.3,2.5841396591085743
driverRateMultiplier,1.5,10,network.overlappingRoutePairs,33.7,1.636391694484477
driverRateMultiplier,1.5,10,network.routeKm,597.4330199243483,46.465501031825944
driverRateMultiplier,1.5,10,network.meanInterStopKm,9.793983933186038,0.7617295251119005
driverRateMultiplier,1.5,10,network.railShareOfFastestItineraryPct,55.787914122392465,7.491560490159642
driverRateMultiplier,1.5,10,network.meanTransfersFastestItinerary,1.0379400398889072,0.08698291957039213
driverRateMultiplier,1.5,10,reports.meanPerTrip,3.0054666666666665,0.03429868802155554
driverRateMultiplier,2.0,10,existing.itineraryFoundRatePct,51.63333333333334,3.472822170391178
driverRateMultiplier,2.0,10,existing.endToEndSuccessRatePct,51.63333333333334,3.472822170391178
driverRateMultiplier,2.0,10,existing.meanAlternativesShown,1.0301670650954935,0.01905367379137688
driverRateMultiplier,2.0,10,existing.pctNeedingWholeTripParatransit,48.36666666666667,3.4728221703911784
driverRateMultiplier,2.0,10,existing.meanAbsEtaErrorMin,2.4910730982558418,0.043893887214359766
driverRateMultiplier,2.0,10,existing.crowdingKnownRatePct,0.0,0.0
driverRateMultiplier,2.0,10,existing.crowdingAccuracyWhenKnownPct,0.0,0.0
driverRateMultiplier,2.0,10,existing.crowdingSystemWideAccuracyPct,33.33333333333479,0.0
driverRateMultiplier,2.0,10,existing.paratransitMatchRatePct,0.0,0.0
driverRateMultiplier,2.0,10,proposed.itineraryFoundRatePct,96.9,2.2610496852153306
driverRateMultiplier,2.0,10,proposed.endToEndSuccessRatePct,99.96666666666667,0.10540925533894448
driverRateMultiplier,2.0,10,proposed.meanAlternativesShown,1.99907755464737,0.08241210275737754
driverRateMultiplier,2.0,10,proposed.pctNeedingWholeTripParatransit,3.1,2.2610496852153306
driverRateMultiplier,2.0,10,proposed.meanAbsEtaErrorMin,2.1235864107196263,0.048874292851698364
driverRateMultiplier,2.0,10,proposed.crowdingKnownRatePct,26.013333333333332,1.6178937687356296
driverRateMultiplier,2.0,10,proposed.crowdingAccuracyWhenKnownPct,84.21107948692347,0.9856574843763866
driverRateMultiplier,2.0,10,proposed.crowdingSystemWideAccuracyPct,46.57555555555486,0.957488713504304
driverRateMultiplier,2.0,10,proposed.paratransitMatchRatePct,99.51666666666667,0.10570165328022194
driverRateMultiplier,2.0,10,proposed.paratransitMeanWaitMin,3.8635979936372733,0.06432611434922207
driverRateMultiplier,2.0,10,ablation.fr1Removed.itineraryFoundRatePct,90.86666666666667,5.343046710271972
driverRateMultiplier,2.0,10,ablation.fr2Removed.itineraryFoundRatePct,63.666666666666664,3.2470309324894364
driverRateMultiplier,2.0,10,ablation.fr5Removed.crowdingSystemWideAccuracyPct,33.33333333333479,0.0
driverRateMultiplier,2.0,10,ablation.fr6Removed.endToEndSuccessRatePct,96.9,2.2610496852153306
driverRateMultiplier,2.0,10,ablation.fr8Removed.paratransitMatchRatePct,90.06333333333333,0.5649101316051289
driverRateMultiplier,2.0,10,delta.fr1.itineraryFoundRatePct,6.033333333333333,5.500729469021177
driverRateMultiplier,2.0,10,delta.fr2.itineraryFoundRatePct,33.233333333333334,2.434576039853172
driverRateMultiplier,2.0,10,delta.fr5.crowdingSystemWideAccuracyPct,13.242222222220068,0.957488713504304
driverRateMultiplier,2.0,10,delta.fr6.endToEndSuccessRatePct,3.066666666666664,2.164814022748011
driverRateMultiplier,2.0,10,delta.fr8.paratransitMatchRatePct,9.453333333333337,0.5812290086479046
driverRateMultiplier,2.0,10,network.servedStops,34.3,1.2516655570345725
driverRateMultiplier,2.0,10,network.transferNodes,22.1,2.7264140062238043
driverRateMultiplier,2.0,10,network.busRailInterchanges,11.3,2.5841396591085743
driverRateMultiplier,2.0,10,network.overlappingRoutePairs,33.7,1.636391694484477
driverRateMultiplier,2.0,10,network.routeKm,597.4330199243483,46.465501031825944
driverRateMultiplier,2.0,10,network.meanInterStopKm,9.793983933186038,0.7617295251119005
driverRateMultiplier,2.0,10,network.railShareOfFastestItineraryPct,55.787914122392465,7.491560490159642
driverRateMultiplier,2.0,10,network.meanTransfersFastestItinerary,1.0379400398889072,0.08698291957039213
driverRateMultiplier,2.0,10,reports.meanPerTrip,3.0054666666666665,0.03429868802155554
stops,25,10,existing.itineraryFoundRatePct,84.23333333333333,7.725299147190368
stops,25,10,existing.endToEndSuccessRatePct,84.23333333333333,7.725299147190368
stops,25,10,existing.meanAlternativesShown,1.0696298290685207,0.029355292791517162
stops,25,10,existing.pctNeedingWholeTripParatransit,15.766666666666666,7.725299147190369
stops,25,10,existing.meanAbsEtaErrorMin,2.4910730982558418,0.043893887214359766
stops,25,10,existing.crowdingKnownRatePct,0.0,0.0
stops,25,10,existing.crowdingAccuracyWhenKnownPct,0.0,0.0
stops,25,10,existing.crowdingSystemWideAccuracyPct,33.33333333333479,0.0
stops,25,10,existing.paratransitMatchRatePct,0.0,0.0
stops,25,10,proposed.itineraryFoundRatePct,98.3,5.375872022286245
stops,25,10,proposed.endToEndSuccessRatePct,99.86666666666666,0.4216370213557824
stops,25,10,proposed.meanAlternativesShown,2.2079437751004014,0.17845072288535951
stops,25,10,proposed.pctNeedingWholeTripParatransit,1.7,5.375872022286245
stops,25,10,proposed.meanAbsEtaErrorMin,2.1235864107196263,0.048874292851698364
stops,25,10,proposed.crowdingKnownRatePct,26.013333333333332,1.6178937687356296
stops,25,10,proposed.crowdingAccuracyWhenKnownPct,84.21107948692347,0.9856574843763866
stops,25,10,proposed.crowdingSystemWideAccuracyPct,46.57555555555486,0.957488713504304
stops,25,10,proposed.paratransitMatchRatePct,94.65,0.4411684821353742
stops,25,10,proposed.paratransitMeanWaitMin,6.555031027077918,0.09830959944198092
stops,25,10,ablation.fr1Removed.itineraryFoundRatePct,97.96666666666667,5.299545752721189
stops,25,10,ablation.fr2Removed.itineraryFoundRatePct,92.16666666666667,4.9147045676881085
stops,25,10,ablation.fr5Removed.crowdingSystemWideAccuracyPct,33.33333333333479,0.0
stops,25,10,ablation.fr6Removed.endToEndSuccessRatePct,98.3,5.375872022286245
stops,25,10,ablation.fr8Removed.paratransitMatchRatePct,72.70666666666666,0.4446666111388721
stops,25,10,delta.fr1.itineraryFoundRatePct,0.33333333333333287,0.6666666666666666
stops,25,10,delta.fr2.itineraryFoundRatePct,6.133333333333331,2.1384198619945645
stops,25,10,delta.fr5.crowdingSystemWideAccuracyPct,13.242222222220068,0.957488713504304
stops,25,10,delta.fr6.endToEndSuccessRatePct,1.566666666666667,4.954235000930463
stops,25,10,delta.fr8.paratransitMatchRatePct,21.943333333333335,0.4405524029591567
stops,25,10,network.servedStops,24.4,0.8432740427115678
stops,25,10,network.transferNodes,20.9,1.286683937707919
stops,25,10,network.busRailInterchanges,13.9,1.1005049346146119
stops,25,10,network.overlappingRoutePairs,40.6,1.6465452046971292
stops,25,10,network.routeKm,580.9643454296545,73.48277168841575
stops,25,10,network.meanInterStopKm,9.52400566278122,1.2046356014494388
stops,25,10,network.railShareOfFastestItineraryPct,55.22690763052209,7.679872179630693
stops,25,10,network.meanTransfersFastestItinerary,0.7343734939759037,0.07045224644582293
stops,25,10,reports.meanPerTrip,3.0054666666666665,0.03429868802155554
stops,40,10,existing.itineraryFoundRatePct,51.63333333333334,3.472822170391178
stops,40,10,existing.endToEndSuccessRatePct,51.63333333333334,3.472822170391178
stops,40,10,existing.meanAlternativesShown,1.0301670650954935,0.01905367379137688
stops,40,10,existing.pctNeedingWholeTripParatransit,48.36666666666667,3.4728221703911784
stops,40,10,existing.meanAbsEtaErrorMin,2.4910730982558418,0.043893887214359766
stops,40,10,existing.crowdingKnownRatePct,0.0,0.0
stops,40,10,existing.crowdingAccuracyWhenKnownPct,0.0,0.0
stops,40,10,existing.crowdingSystemWideAccuracyPct,33.33333333333479,0.0
stops,40,10,existing.paratransitMatchRatePct,0.0,0.0
stops,40,10,proposed.itineraryFoundRatePct,96.9,2.2610496852153306
stops,40,10,proposed.endToEndSuccessRatePct,99.73333333333333,0.3442651863295485
stops,40,10,proposed.meanAlternativesShown,1.989761771751325,0.08940171060294438
stops,40,10,proposed.pctNeedingWholeTripParatransit,3.1,2.2610496852153306
stops,40,10,proposed.meanAbsEtaErrorMin,2.1235864107196263,0.048874292851698364
stops,40,10,proposed.crowdingKnownRatePct,26.013333333333332,1.6178937687356296
stops,40,10,proposed.crowdingAccuracyWhenKnownPct,84.21107948692347,0.9856574843763866
stops,40,10,proposed.crowdingSystemWideAccuracyPct,46.57555555555486,0.957488713504304
stops,40,10,proposed.paratransitMatchRatePct,94.65,0.4411684821353742
stops,40,10,proposed.paratransitMeanWaitMin,6.555031027077918,0.09830959944198092
stops,40,10,ablation.fr1Removed.itineraryFoundRatePct,90.86666666666667,5.343046710271972
stops,40,10,ablation.fr2Removed.itineraryFoundRatePct,63.666666666666664,3.2470309324894364
stops,40,10,ablation.fr5Removed.crowdingSystemWideAccuracyPct,33.33333333333479,0.0
stops,40,10,ablation.fr6Removed.endToEndSuccessRatePct,96.9,2.2610496852153306
stops,40,10,ablation.fr8Removed.paratransitMatchRatePct,72.70666666666666,0.4446666111388721
stops,40,10,delta.fr1.itineraryFoundRatePct,6.033333333333333,5.500729469021177
stops,40,10,delta.fr2.itineraryFoundRatePct,33.233333333333334,2.434576039853172
stops,40,10,delta.fr5.crowdingSystemWideAccuracyPct,13.242222222220068,0.957488713504304
stops,40,10,delta.fr6.endToEndSuccessRatePct,2.8333333333333313,2.092018931529192
stops,40,10,delta.fr8.paratransitMatchRatePct,21.943333333333335,0.4405524029591567
stops,40,10,network.servedStops,34.3,1.2516655570345725
stops,40,10,network.transferNodes,22.1,2.7264140062238043
stops,40,10,network.busRailInterchanges,11.3,2.5841396591085743
stops,40,10,network.overlappingRoutePairs,33.7,1.636391694484477
stops,40,10,network.routeKm,597.4330199243483,46.465501031825944
stops,40,10,network.meanInterStopKm,9.793983933186038,0.7617295251119005
stops,40,10,network.railShareOfFastestItineraryPct,55.787914122392465,7.491560490159642
stops,40,10,network.meanTransfersFastestItinerary,1.0379400398889072,0.08698291957039213
stops,40,10,reports.meanPerTrip,3.0054666666666665,0.03429868802155554
stops,60,10,existing.itineraryFoundRatePct,26.46666666666667,2.0798860367640164
stops,60,10,existing.endToEndSuccessRatePct,26.46666666666667,2.0798860367640164
stops,60,10,existing.meanAlternativesShown,1.0177626844014696,0.01875213851617963
stops,60,10,existing.pctNeedingWholeTripParatransit,73.53333333333333,2.0798860367640115
stops,60,10,existing.meanAbsEtaErrorMin,2.4910730982558418,0.043893887214359766
stops,60,10,existing.crowdingKnownRatePct,0.0,0.0
stops,60,10,existing.crowdingAccuracyWhenKnownPct,0.0,0.0
stops,60,10,existing.crowdingSystemWideAccuracyPct,33.33333333333479,0.0
stops,60,10,existing.paratransitMatchRatePct,0.0,0.0
stops,60,10,proposed.itineraryFoundRatePct,83.43333333333334,7.78420369469439
stops,60,10,proposed.endToEndSuccessRatePct,99.56666666666666,0.3162277660168397
stops,60,10,proposed.meanAlternativesShown,1.7867066559532467,0.1143955071553921
stops,60,10,proposed.pctNeedingWholeTripParatransit,16.566666666666666,7.784203694694393
stops,60,10,proposed.meanAbsEtaErrorMin,2.1235864107196263,0.048874292851698364
stops,60,10,proposed.crowdingKnownRatePct,26.013333333333332,1.6178937687356296
stops,60,10,proposed.crowdingAccuracyWhenKnownPct,84.21107948692347,0.9856574843763866
stops,60,10,proposed.crowdingSystemWideAccuracyPct,46.57555555555486,0.957488713504304
stops,60,10,proposed.paratransitMatchRatePct,94.65,0.4411684821353742
stops,60,10,proposed.paratransitMeanWaitMin,6.555031027077918,0.09830959944198092
stops,60,10,ablation.fr1Removed.itineraryFoundRatePct,68.46666666666667,9.137090332982726
stops,60,10,ablation.fr2Removed.itineraryFoundRatePct,36.8,3.0518158933516255
stops,60,10,ablation.fr5Removed.crowdingSystemWideAccuracyPct,33.33333333333479,0.0
stops,60,10,ablation.fr6Removed.endToEndSuccessRatePct,83.43333333333334,7.78420369469439
stops,60,10,ablation.fr8Removed.paratransitMatchRatePct,72.70666666666666,0.4446666111388721
stops,60,10,delta.fr1.itineraryFoundRatePct,14.966666666666665,5.276198594152636
stops,60,10,delta.fr2.itineraryFoundRatePct,46.63333333333333,6.8158312446506155
stops,60,10,delta.fr5.crowdingSystemWideAccuracyPct,13.242222222220068,0.957488713504304
stops,60,10,delta.fr6.endToEndSuccessRatePct,16.133333333333333,7.6581272893734855
stops,60,10,delta.fr8.paratransitMatchRatePct,21.943333333333335,0.4405524029591567
stops,60,10,network.servedStops,43.8,1.7511900715418263
stops,60,10,network.transferNodes,20.3,1.766981104093143
stops,60,10,network.busRailInterchanges,9.9,1.9692073983655907
stops,60,10,network.overlappingRoutePairs,26.3,2.359378449224852
stops,60,10,network.routeKm,566.3313072900843,38.854597609001665
stops,60,10,network.meanInterStopKm,9.284119791640725,0.6369606165410112
stops,60,10,network.railShareOfFastestItineraryPct,60.963263226699155,6.540122670426835
stops,60,10,network.meanTransfersFastestItinerary,1.2858260336197271,0.12041597075513656
stops,60,10,reports.meanPerTrip,3.0054666666666665,0.03429868802155554
stops,80,10,existing.itineraryFoundRatePct,18.0,1.6254154264808656
stops,80,10,existing.endToEndSuccessRatePct,18.0,1.6254154264808656
stops,80,10,existing.meanAlternativesShown,1.0057196969696969,0.009237817613361284
stops,80,10,existing.pctNeedingWholeTripParatransit,82.0,1.6254154264808693
stops,80,10,existing.meanAbsEtaErrorMin,2.4910730982558418,0.043893887214359766
stops,80,10,existing.crowdingKnownRatePct,0.0,0.0
stops,80,10,existing.crowdingAccuracyWhenKnownPct,0.0,0.0
stops,80,10,existing.crowdingSystemWideAccuracyPct,33.33333333333479,0.0
stops,80,10,existing.paratransitMatchRatePct,0.0,0.0
stops,80,10,proposed.itineraryFoundRatePct,72.3,8.383478755825813
stops,80,10,proposed.endToEndSuccessRatePct,98.5,0.6334307917217405
stops,80,10,proposed.meanAlternativesShown,1.6164488929004073,0.12434248696251692
stops,80,10,proposed.pctNeedingWholeTripParatransit,27.7,8.383478755825813
stops,80,10,proposed.meanAbsEtaErrorMin,2.1235864107196263,0.048874292851698364
stops,80,10,proposed.crowdingKnownRatePct,26.013333333333332,1.6178937687356296
stops,80,10,proposed.crowdingAccuracyWhenKnownPct,84.21107948692347,0.9856574843763866
stops,80,10,proposed.crowdingSystemWideAccuracyPct,46.57555555555486,0.957488713504304
stops,80,10,proposed.paratransitMatchRatePct,94.65,0.4411684821353742
stops,80,10,proposed.paratransitMeanWaitMin,6.555031027077918,0.09830959944198092
stops,80,10,ablation.fr1Removed.itineraryFoundRatePct,53.9,5.450223690052083
stops,80,10,ablation.fr2Removed.itineraryFoundRatePct,26.6,2.5376182086435892
stops,80,10,ablation.fr5Removed.crowdingSystemWideAccuracyPct,33.33333333333479,0.0
stops,80,10,ablation.fr6Removed.endToEndSuccessRatePct,72.33333333333333,8.400470298415911
stops,80,10,ablation.fr8Removed.paratransitMatchRatePct,72.70666666666666,0.4446666111388721
stops,80,10,delta.fr1.itineraryFoundRatePct,18.4,7.713704335006706
stops,80,10,delta.fr2.itineraryFoundRatePct,45.7,7.740306562340561
stops,80,10,delta.fr5.crowdingSystemWideAccuracyPct,13.242222222220068,0.957488713504304
stops,80,10,delta.fr6.endToEndSuccessRatePct,26.166666666666668,8.203055738978623
stops,80,10,delta.fr8.paratransitMatchRatePct,21.943333333333335,0.4405524029591567
stops,80,10,network.servedStops,49.0,2.8674417556808756
stops,80,10,network.transferNodes,17.8,2.3475755815545347
stops,80,10,network.busRailInterchanges,8.3,2.7507574714370344
stops,80,10,network.overlappingRoutePairs,21.2,2.973961069759395
stops,80,10,network.routeKm,562.1820620942865,52.259955300888784
stops,80,10,network.meanInterStopKm,9.216099378594862,0.8567205787030949
stops,80,10,network.railShareOfFastestItineraryPct,61.76373723905564,7.7203708775389375
stops,80,10,network.meanTransfersFastestItinerary,1.412552002950325,0.23732065443531955
stops,80,10,reports.meanPerTrip,3.0054666666666665,0.03429868802155554
stopPlacement,uniform,10,existing.itineraryFoundRatePct,51.63333333333334,3.472822170391178
stopPlacement,uniform,10,existing.endToEndSuccessRatePct,51.63333333333334,3.472822170391178
stopPlacement,uniform,10,existing.meanAlternativesShown,1.0301670650954935,0.01905367379137688
stopPlacement,uniform,10,existing.pctNeedingWholeTripParatransit,48.36666666666667,3.4728221703911784
stopPlacement,uniform,10,existing.meanAbsEtaErrorMin,2.4910730982558418,0.043893887214359766
stopPlacement,uniform,10,existing.crowdingKnownRatePct,0.0,0.0
stopPlacement,uniform,10,existing.crowdingAccuracyWhenKnownPct,0.0,0.0
stopPlacement,uniform,10,existing.crowdingSystemWideAccuracyPct,33.33333333333479,0.0
stopPlacement,uniform,10,existing.paratransitMatchRatePct,0.0,0.0
stopPlacement,uniform,10,proposed.itineraryFoundRatePct,96.9,2.2610496852153306
stopPlacement,uniform,10,proposed.endToEndSuccessRatePct,99.73333333333333,0.3442651863295485
stopPlacement,uniform,10,proposed.meanAlternativesShown,1.989761771751325,0.08940171060294438
stopPlacement,uniform,10,proposed.pctNeedingWholeTripParatransit,3.1,2.2610496852153306
stopPlacement,uniform,10,proposed.meanAbsEtaErrorMin,2.1235864107196263,0.048874292851698364
stopPlacement,uniform,10,proposed.crowdingKnownRatePct,26.013333333333332,1.6178937687356296
stopPlacement,uniform,10,proposed.crowdingAccuracyWhenKnownPct,84.21107948692347,0.9856574843763866
stopPlacement,uniform,10,proposed.crowdingSystemWideAccuracyPct,46.57555555555486,0.957488713504304
stopPlacement,uniform,10,proposed.paratransitMatchRatePct,94.65,0.4411684821353742
stopPlacement,uniform,10,proposed.paratransitMeanWaitMin,6.555031027077918,0.09830959944198092
stopPlacement,uniform,10,ablation.fr1Removed.itineraryFoundRatePct,90.86666666666667,5.343046710271972
stopPlacement,uniform,10,ablation.fr2Removed.itineraryFoundRatePct,63.666666666666664,3.2470309324894364
stopPlacement,uniform,10,ablation.fr5Removed.crowdingSystemWideAccuracyPct,33.33333333333479,0.0
stopPlacement,uniform,10,ablation.fr6Removed.endToEndSuccessRatePct,96.9,2.2610496852153306
stopPlacement,uniform,10,ablation.fr8Removed.paratransitMatchRatePct,72.70666666666666,0.4446666111388721
stopPlacement,uniform,10,delta.fr1.itineraryFoundRatePct,6.033333333333333,5.500729469021177
stopPlacement,uniform,10,delta.fr2.itineraryFoundRatePct,33.233333333333334,2.434576039853172
stopPlacement,uniform,10,delta.fr5.crowdingSystemWideAccuracyPct,13.242222222220068,0.957488713504304
stopPlacement,uniform,10,delta.fr6.endToEndSuccessRatePct,2.8333333333333313,2.092018931529192
stopPlacement,uniform,10,delta.fr8.paratransitMatchRatePct,21.943333333333335,0.4405524029591567
stopPlacement,uniform,10,network.servedStops,34.3,1.2516655570345725
stopPlacement,uniform,10,network.transferNodes,22.1,2.7264140062238043
stopPlacement,uniform,10,network.busRailInterchanges,11.3,2.5841396591085743
stopPlacement,uniform,10,network.overlappingRoutePairs,33.7,1.636391694484477
stopPlacement,uniform,10,network.routeKm,597.4330199243483,46.465501031825944
stopPlacement,uniform,10,network.meanInterStopKm,9.793983933186038,0.7617295251119005
stopPlacement,uniform,10,network.railShareOfFastestItineraryPct,55.787914122392465,7.491560490159642
stopPlacement,uniform,10,network.meanTransfersFastestItinerary,1.0379400398889072,0.08698291957039213
stopPlacement,uniform,10,reports.meanPerTrip,3.0054666666666665,0.03429868802155554
stopPlacement,clustered,10,existing.itineraryFoundRatePct,52.9,5.991866915728556
stopPlacement,clustered,10,existing.endToEndSuccessRatePct,52.9,5.991866915728556
stopPlacement,clustered,10,existing.meanAlternativesShown,1.0435885653371455,0.03229299541881133
stopPlacement,clustered,10,existing.pctNeedingWholeTripParatransit,47.1,5.991866915728559
stopPlacement,clustered,10,existing.meanAbsEtaErrorMin,2.4910730982558418,0.043893887214359766
stopPlacement,clustered,10,existing.crowdingKnownRatePct,0.0,0.0
stopPlacement,clustered,10,existing.crowdingAccuracyWhenKnownPct,0.0,0.0
stopPlacement,clustered,10,existing.crowdingSystemWideAccuracyPct,33.33333333333479,0.0
stopPlacement,clustered,10,existing.paratransitMatchRatePct,0.0,0.0
stopPlacement,clustered,10,proposed.itineraryFoundRatePct,97.13333333333334,4.828413843791105
stopPlacement,clustered,10,proposed.endToEndSuccessRatePct,99.86666666666666,0.23306863292670066
stopPlacement,clustered,10,proposed.meanAlternativesShown,1.9303821865839552,0.1789571241699269
stopPlacement,clustered,10,proposed.pctNeedingWholeTripParatransit,2.8666666666666667,4.828413843791103
stopPlacement,clustered,10,proposed.meanAbsEtaErrorMin,2.1235864107196263,0.048874292851698364
stopPlacement,clustered,10,proposed.crowdingKnownRatePct,26.013333333333332,1.6178937687356296
stopPlacement,clustered,10,proposed.crowdingAccuracyWhenKnownPct,84.21107948692347,0.9856574843763866
stopPlacement,clustered,10,proposed.crowdingSystemWideAccuracyPct,46.57555555555486,0.957488713504304
stopPlacement,clustered,10,proposed.paratransitMatchRatePct,94.65,0.4411684821353742
stopPlacement,clustered,10,proposed.paratransitMeanWaitMin,6.555031027077918,0.09830959944198092
stopPlacement,clustered,10,ablation.fr1Removed.itineraryFoundRatePct,92.2,6.5813053604063665
stopPlacement,clustered,10,ablation.fr2Removed.itineraryFoundRatePct,65.56666666666666,6.533956886343265
stopPlacement,clustered,10,ablation.fr5Removed.crowdingSystemWideAccuracyPct,33.33333333333479,0.0
stopPlacement,clustered,10,ablation.fr6Removed.endToEndSuccessRatePct,97.13333333333334,4.828413843791105
stopPlacement,clustered,10,ablation.fr8Removed.paratransitMatchRatePct,72.70666666666666,0.4446666111388721
stopPlacement,clustered,10,delta.fr1.itineraryFoundRatePct,4.9333333333333345,3.7277736380172413
stopPlacement,clustered,10,delta.fr2.itineraryFoundRatePct,31.566666666666674,7.093815773067567
stopPlacement,clustered,10,delta.fr5.crowdingSystemWideAccuracyPct,13.242222222220068,0.957488713504304
stopPlacement,clustered,10,delta.fr6.endToEndSuccessRatePct,2.73333333333333,4.631614389373519
stopPlacement,clustered,10,delta.fr8.paratransitMatchRatePct,21.943333333333335,0.4405524029591567
stopPlacement,clustered,10,network.servedStops,34.6,2.0110804171997807
stopPlacement,clustered,10,network.transferNodes,22.4,2.2211108331943574
stopPlacement,clustered,10,network.busRailInterchanges,12.8,1.7511900715418263
stopPlacement,clustered,10,network.overlappingRoutePairs,34.6,2.0655911179772892
stopPlacement,clustered,10,network.routeKm,413.25774368355013,37.87962340320884
stopPlacement,clustered,10,network.meanInterStopKm,6.774717109566396,0.6209774328394893
stopPlacement,clustered,10,network.railShareOfFastestItineraryPct,52.0886293927659,8.168990258745616
stopPlacement,clustered,10,network.meanTransfersFastestItinerary,0.9863183740630255,0.18626493181828827
stopPlacement,clustered,10,reports.meanPerTrip,3.0054666666666665,0.03429868802155554
